Id,File_name,Country,City,Address,Lat,Long,Streetview,Lat_decimal,Long_decimal,Text,Color,Background_color,Weight,Case,Composition,Image,@img
1,britannic01,Italy,Milano,Foro Buonaparte,"45° 28' 9.6"" N","9° 11' 1.2"" E",https://www.google.com/maps/embed?pb=!1m0!3m2!1sen!2sit!4v1435658391250!6m8!1m7!1sYKEU79tgA5C_2uYmwXAepA!2m2!1d45.469573!2d9.183297!3f103.55!4f-1.2800000000000011!5f1.9587109090973311,45.469294,9.183656,affittasi uffici,#ed1c24,#ffcb05,,,,https://images.unsplash.com/photo-1726059968922-0396248fdaea?q=80&w=1740&auto=format&fit=crop&ixlib=rb-4.0.3&ixid=M3wxMjA3fDB8MHxwaG90by1wYWdlfHx8fGVufDB8fHx8fA%3D%3D,britannic_001.jpg
2,britannic02,Italy,Milano,via della Moscova,"45°28'41.6""N","9°10'56.0""E",https://www.google.com/maps/embed?pb=!1m0!3m2!1sen!2sit!4v1435658361515!6m8!1m7!1sDDuNv1gSxs3OnNXu2ejpow!2m2!1d45.478244!2d9.182589!3f15.273635438574031!4f-2.1514759864659965!5f0.4000000000000002,45.478218,9.182228,Bar Granny,#f47929,#ffffff,,,,https://images.unsplash.com/photo-1725652800358-ae3a752cfb68?w=500&auto=format&fit=crop&q=60&ixlib=rb-4.0.3&ixid=M3wxMjA3fDB8MHxmZWF0dXJlZC1waG90b3MtZmVlZHwxMnx8fGVufDB8fHx8fA%3D%3D,britannic_002.jpg
3,britannic03,Italy,Milano,via Piero della Francesca,"45° 28' 54.432"" N","9° 10' 3.138"" E",https://www.google.com/maps/embed?pb=!1m0!3m2!1sen!2sit!4v1435658319045!6m8!1m7!1spGOUqqeclwDeFq-XsnZ99w!2m2!1d45.482028!2d9.167666!3f213.55327220782664!4f-1.2931506786393214!5f0.4000000000000002,45.481889,9.168056,vendita,#000000,#ffffff,,,,https://plus.unsplash.com/premium_photo-1725588379392-7a56d6eff9ab?w=500&auto=format&fit=crop&q=60&ixlib=rb-4.0.3&ixid=M3wxMjA3fDB8MHxmZWF0dXJlZC1waG90b3MtZmVlZHwxOXx8fGVufDB8fHx8fA%3D%3D,britannic_003.jpg
4,britannic04,Italy,Milano,via Procaccini,"45° 28' 54.858"" N","9° 10' 5.07"" E",https://www.google.com/maps/embed?pb=!1m0!3m2!1sen!2sit!4v1435658291134!6m8!1m7!1sCp72TyIrHiaoqaLazmC7qg!2m2!1d45.481936!2d9.167823!3f66.80116071915906!4f0.06341223277554775!5f0.7820865974627469,45.481889,9.168056,Edilizia,#ffcb05,#034ea2,bold,uppercase,horizontal,https://images.unsplash.com/photo-1720802616209-c174c23f6565?w=500&auto=format&fit=crop&q=60&ixlib=rb-4.0.3&ixid=M3wxMjA3fDB8MHxmZWF0dXJlZC1waG90b3MtZmVlZHwzMHx8fGVufDB8fHx8fA%3D%3D,britannic_004.jpg
5,britannic05,Italy,Bologna,via Mascarella,"44° 30' 23.4"" N","11° 22' 39.6"" E",https://www.google.com/maps/embed?pb=!1m0!3m2!1sen!2sit!4v1435658240070!6m8!1m7!1sIwAlfqJ2nDyLvchobyNWtQ!2m2!1d44.498799!2d11.349564!3f306.3047340463532!4f2.0705824391074117!5f0.7820865974627469,44.498816,11.34958,Il giardino dell'eden,#ffcb05,#034ea2,bold,lowercase,horizontal,https://images.unsplash.com/photo-1726041453467-5fa7dce0251d?w=500&auto=format&fit=crop&q=60&ixlib=rb-4.0.3&ixid=M3wxMjA3fDB8MHxmZWF0dXJlZC1waG90b3MtZmVlZHw1Mnx8fGVufDB8fHx8fA%3D%3D,britannic_005.jpg
6,britannic06,Italy,Milano,via Meda,"45° 26' 30"" N","9° 10' 42"" E",https://www.google.com/maps/embed?pb=!1m0!3m2!1sen!2sit!4v1435658175134!6m8!1m7!1sUPkt30FmqOfE4BFBkdrGPw!2m2!1d45.44191!2d9.178827!3f267.53397748906843!4f0.9997451349213691!5f0.7756892346044617,45.441667,9.178306,Tenere,#000000,#ffffff,bold,uppercase,horizontal,https://images.unsplash.com/photo-1726056652663-8f1e42b2fc95?w=500&auto=format&fit=crop&q=60&ixlib=rb-4.0.3&ixid=M3wxMjA3fDB8MHxmZWF0dXJlZC1waG90b3MtZmVlZHw1OHx8fGVufDB8fHx8fA%3D%3D,britannic_006.jpg
7,britannic07,Italy,Milano,via Cola Montano,"45°29'16.8""N","9°11'08.0""E",https://www.google.com/maps/embed?pb=!1m0!3m2!1sen!2sit!4v1435658123564!6m8!1m7!1si6kAdEqjNHy-Iil6O02M5Q!2m2!1d45.486703!2d9.18584!3f34.21631020467466!4f-0.4824963926167669!5f0.7820865974627469,45.488,9.185556,Si prega di non buttare le salviette asciugamani nella tazza del water.,#000000,#ffffff,bold,uppercase,horizontal,https://images.unsplash.com/photo-1674407729043-c21b71fded37?w=500&auto=format&fit=crop&q=60&ixlib=rb-4.0.3&ixid=M3wxMjA3fDB8MHx0b3BpYy1mZWVkfDYwfDZzTVZqVExTa2VRfHxlbnwwfHx8fHw%3D,britannic_007.jpg
8,britannic08,Italy,Milano,Corso Buenos Aires,"45° 28' 42.408"" N","9° 12' 32.13"" E",https://www.google.com/maps/embed?pb=!1m0!3m2!1sen!2sit!4v1435658092651!6m8!1m7!1s1_VkrzSQsNvDHExMSMvI2g!2m2!1d45.478093!2d9.208674!3f124.99830594898549!4f-4.359999999999999!5f2.299968626952992,45.478444,9.208917,Calzature uomo donna,#ffcb05,,bold,uppercase,vertical,https://images.unsplash.com/photo-1725489891089-5960671a3433?w=500&auto=format&fit=crop&q=60&ixlib=rb-4.0.3&ixid=M3wxMjA3fDB8MHx0b3BpYy1mZWVkfDk4fDZzTVZqVExTa2VRfHxlbnwwfHx8fHw%3D,britannic_008.jpg
9,britannic09,Belgium,Bruxelles,Rue du Marché au Charbon,"50° 50' 44.898"" N","4° 20' 53.988"" E",https://www.google.com/maps/embed?pb=!1m0!3m2!1sen!2sit!4v1435658070806!6m8!1m7!1sSuw3WelsxjuXTNmgQZqJSg!2m2!1d50.845839!2d4.348272!3f127.45!4f-2.2900000000000063!5f0.7820865974627469,50.845778,4.348306,New Collection,#000000,#ffffff,ultra,uppercase,horizontal,https://images.unsplash.com/photo-1725476479171-4728f92dfa9c?w=500&auto=format&fit=crop&q=60&ixlib=rb-4.0.3&ixid=M3wxMjA3fDB8MHx0b3BpYy1mZWVkfDEwNHw2c01WalRMU2tlUXx8ZW58MHx8fHx8,britannic_009.jpg
10,britannic10,Belgium,Bruxelles,Rue Sainte Catherine,"50° 50' 58.722"" N","4° 20' 55.518"" E",https://www.google.com/maps/embed?pb=!1m0!3m2!1sen!2sit!4v1435658049836!6m8!1m7!1sBjN-RVHk9CvfMRNv9CBZ2g!2m2!1d50.849572!2d4.34875!3f17.76!4f-2.219999999999999!5f0.4000000000000002,50.849639,4.34875,Supermarket,#034ea2,#00b37d,bold,uppercase,vertical,https://images.unsplash.com/photo-1682686580036-b5e25932ce9a?w=500&auto=format&fit=crop&q=60&ixlib=rb-4.0.3&ixid=M3wxMjA3fDB8MHx0b3BpYy1mZWVkfDEzNnw2c01WalRMU2tlUXx8ZW58MHx8fHx8,britannic_010.jpg
11,britannic11,Italy,Milano,via Aleardi,"45° 29' 0.36"" N","9° 10' 22.182"" E",https://www.google.com/maps/embed?pb=!1m0!3m2!1sen!2sit!4v1435658027815!6m8!1m7!1sNaQWBoMoc9hBPVhi9QY0yg!2m2!1d45.483263!2d9.172918!3f60.68!4f0.9853126647814747!5f0.7820865974627469,45.483417,9.172806,PSG,#000000,#ffffff,ultra,uppercase,horizontal,https://images.unsplash.com/photo-1725294692057-12a381e1f6fd?w=500&auto=format&fit=crop&q=60&ixlib=rb-4.0.3&ixid=M3wxMjA3fDB8MHx0b3BpYy1mZWVkfDE0OXw2c01WalRMU2tlUXx8ZW58MHx8fHx8,britannic_011.jpg
12,britannic12,Italy,Imbersago,via Contessa Castelbarco,"45° 42' 16.62"" N","9° 26' 42.66"" E",https://www.google.com/maps/embed?pb=!1m0!3m2!1sen!2sit!4v1435658004984!6m8!1m7!1suHQ4S4Q6m5p_5RQtQUGR0A!2m2!1d45.704638!2d9.445091!3f139.91324742412792!4f-0.33299595827837436!5f0.5558513211981521,45.704611,9.445167,Al Caffè paninoteca bar gelateria,#00b37d,#ffffff,bold,uppercase,horizontal,https://images.unsplash.com/photo-1723941839547-1e3e7d168173?w=500&auto=format&fit=crop&q=60&ixlib=rb-4.0.3&ixid=M3wxMjA3fDB8MHx0b3BpYy1mZWVkfDE2OXw2c01WalRMU2tlUXx8ZW58MHx8fHx8,britannic_012.jpg
13,britannic13,Italy,Milano,via Albricci,"45° 27' 38.022"" N","9° 11' 20.982"" E",https://www.google.com/maps/embed?pb=!1m0!3m2!1sen!2sit!4v1435657936451!6m8!1m7!1skf_VBY196niujdAKTlCx9Q!2m2!1d45.460942!2d9.189207!3f1.4443343993157738!4f-1.8338548168698878!5f2.299968626952992,45.460556,9.189139,Affittasi box 0276008484,#ed1c24,#ffcb05,bold,uppercase,horizontal,https://images.unsplash.com/photo-1496706855297-b6e1fe527339?w=500&auto=format&fit=crop&q=60&ixlib=rb-4.0.3&ixid=M3wxMjA3fDB8MHx0b3BpYy1mZWVkfDIzOHw2c01WalRMU2tlUXx8ZW58MHx8fHx8,britannic_013.jpg
14,britannic14,Italy,Milano,via Paolo Sarpi,"45° 28' 52.752"" N","9° 10' 31.278"" E",https://www.google.com/maps/embed?pb=!1m0!3m2!1sen!2sit!4v1435657891135!6m8!1m7!1sBPkEUILE6_Gq10n-UbbTng!2m2!1d45.481335!2d9.175191!3f174.93904296630126!4f-0.9904824573676052!5f0.7820865974627469,45.481306,9.175333,Zampe di pollo cotte 100g,#000000,#ffcb05,bold,uppercase,horizontal,https://images.unsplash.com/photo-1724508772090-020b21b14da6?w=500&auto=format&fit=crop&q=60&ixlib=rb-4.0.3&ixid=M3wxMjA3fDB8MHx0b3BpYy1mZWVkfDI3MXw2c01WalRMU2tlUXx8ZW58MHx8fHx8,britannic_014.jpg
15,britannic15,Italy,Palermo,via Bottai,"38° 7' 5.178"" N","13° 21' 58.872"" E",http://www.peradesso.com/progetti/britannic/error/error.html,38.117633,13.367311,Panini con porchetta,#ffcb05,,bold,uppercase,horizontal,https://images.unsplash.com/photo-1724597233378-249fd99848b0?w=500&auto=format&fit=crop&q=60&ixlib=rb-4.0.3&ixid=M3wxMjA3fDB8MHx0b3BpYy1mZWVkfDMzM3w2c01WalRMU2tlUXx8ZW58MHx8fHx8,britannic_015.jpg
16,britannic16,Italy,Ragusa,Corso XXV Aprile,"36° 55' 33.288"" N","14° 44' 49.26"" E",https://www.google.com/maps/embed?pb=!1m0!3m2!1sen!2sit!4v1435657837214!6m8!1m7!1sCrZUMJgZo2K-hLMqJwcLoA!2m2!1d36.925612!2d14.747031!3f185.55839623224045!4f-7.297069490915845!5f0.7820865974627469,36.925913,14.747017,Propone: Panini alla piastra per tutti i gusti ed et&agrave; - Patatine fritte Kebab Pincho,#ffffff,#000000,bold,uppercase,horizontal,https://images.unsplash.com/photo-1723920449193-cba2f39a4d0c?w=500&auto=format&fit=crop&q=60&ixlib=rb-4.0.3&ixid=M3wxMjA3fDB8MHx0b3BpYy1mZWVkfDM1NXw2c01WalRMU2tlUXx8ZW58MHx8fHx8,britannic_016.jpg
17,britannic17,Italy,Palermo,via Carlo Rao,"38° 6' 46.152"" N","13° 22' 12.738"" E",https://www.google.com/maps/embed?pb=!1m0!3m2!1sen!2sit!4v1435657806658!6m8!1m7!1suZ3UwCrrmof2_4iNgViGFQ!2m2!1d38.112785!2d13.370373!3f237.91!4f-1.3400000000000034!5f0.7820865974627469,38.112725,13.37029,Davide Supporta,#ed1c24,#ffcb05,bold,uppercase,horizontal,https://images.unsplash.com/photo-1660678519362-2099db408451?w=500&auto=format&fit=crop&q=60&ixlib=rb-4.0.3&ixid=M3wxMjA3fDB8MHx0b3BpYy1mZWVkfDM5OXw2c01WalRMU2tlUXx8ZW58MHx8fHx8,britannic_017.jpg
18,britannic18,Italy,Mantova,Piazza Delle Erbe,"45° 9' 31.08"" N","10° 47' 41.628"" E",https://www.google.com/maps/embed?pb=!1m0!3m2!1sen!2sit!4v1435657779986!6m8!1m7!1sO9G-VvgFTWOqei-Y-CI_pg!2m2!1d45.158704!2d10.794808!3f79.02!4f-0.15000000000000568!5f2.299968626952992,45.158633,10.794897,SFIZIO,#000000,#ffffff,bold,lowercase,vertical,https://images.unsplash.com/photo-1722846324724-2cb3f396358c?w=500&auto=format&fit=crop&q=60&ixlib=rb-4.0.3&ixid=M3wxMjA3fDB8MHx0b3BpYy1mZWVkfDQwOXw2c01WalRMU2tlUXx8ZW58MHx8fHx8,britannic_018.jpg
19,britannic19,Turkey,Istanbul,Kapalıçarşı,"41° 0' 35.748"" N","28° 57' 56.028"" E","https://www.google.it/maps/place/41%C2%B000'35.8%22N+28%C2%B057'56.0%22E/@41.010507,28.9684709,244m/data=!3m1!1e3!4m2!3m1!1s0x0:0x0",41.009997,28.968157,Do not put garbage here please ,#000000,#ffffff,bold,lowercase,horizontal,https://images.unsplash.com/photo-1723845629153-7e0d0a5e44c3?w=500&auto=format&fit=crop&q=60&ixlib=rb-4.0.3&ixid=M3wxMjA3fDB8MHx0b3BpYy1mZWVkfDQyNXw2c01WalRMU2tlUXx8ZW58MHx8fHx8,britannic_019.jpg
20,britannic20,Italy,Milano,via Quintosole,"45° 24' 11.4"" N","9° 12' 25.872"" E",https://www.google.com/maps/embed?pb=!1m0!3m2!1sen!2sit!4v1435657608060!6m8!1m7!1szXAkzo-cZqf1ejmbdB62Qg!2m2!1d45.403211!2d9.207317!3f43.2!4f-5.349999999999994!5f1.6715533031636123,45.403194,9.207371,Autoparco,#034ea2,#ffffff,bold,uppercase,horizontal,https://images.unsplash.com/photo-1723712286025-1eb6a851420a?w=500&auto=format&fit=crop&q=60&ixlib=rb-4.0.3&ixid=M3wxMjA3fDB8MHx0b3BpYy1mZWVkfDQzOHw2c01WalRMU2tlUXx8ZW58MHx8fHx8,britannic_020.jpg
21,britannic21,Sweden,Stockholm,Gamla Brogatan,"59° 20' 1.86"" N","18° 3' 33.558"" E",https://www.google.com/maps/embed?pb=!1m0!3m2!1sen!2sit!4v1442910659881!6m8!1m7!1sE6hsMzfmWTsAAAQZa-AKVw!2m2!1d59.33373507113057!2d18.05933383848037!3f332.8415224666898!4f-4.050820094910321!5f0.4000000000000002,59.333866,18.059345,REA,#ed1c24,#ffffff,bold,uppercase,horizontal,https://images.unsplash.com/photo-1723576016880-6d388559351a?w=500&auto=format&fit=crop&q=60&ixlib=rb-4.0.3&ixid=M3wxMjA3fDB8MHx0b3BpYy1mZWVkfDQ0MHw2c01WalRMU2tlUXx8ZW58MHx8fHx8,britannic_021.jpg
22,britannic22,Austria,Wien,Josefsplatz,"48° 12' 24.078"" N","16° 22' 1.89"" E",https://www.google.com/maps/embed?pb=!1m0!3m2!1sen!2sit!4v1435657557074!6m8!1m7!1sHJsYolYeJDwAAAGuq7QiZA!2m2!1d48.206409!2d16.367401!3f78.69!4f10.230000000000004!5f0.4000000000000002,48.206688,16.367192,Konzert,#ffcb05,#a68352,bold,uppercase,horizontal,https://images.unsplash.com/photo-1723645579079-58a107f1d852?w=500&auto=format&fit=crop&q=60&ixlib=rb-4.0.3&ixid=M3wxMjA3fDB8MHx0b3BpYy1mZWVkfDQ1NXw2c01WalRMU2tlUXx8ZW58MHx8fHx8,britannic_022.jpg
23,britannic23,Italy,Ragusa,Corso XXV Aprile,"36° 55' 32.25"" N","14° 44' 49.53"" E",https://www.google.com/maps/embed?pb=!1m0!3m2!1sen!2sit!4v1435658742551!6m8!1m7!1s3ojN_ep9mqllCY-eYIU7UQ!2m2!1d36.92563!2d14.746785!3f185.34656873923547!4f-3.685792511143177!5f0.4000000000000002,36.925625,14.747092,Vendita formaggi Ragusani e Siciliani Salumi Locali Olio D.O.P. Monti Iblei Conserve - Miele - Marmellate - Vini - Cioccolato Modicano ,#ffcb05,,bold,lowercase,horizontal,https://images.unsplash.com/photo-1723531449515-af7c14403de3?w=500&auto=format&fit=crop&q=60&ixlib=rb-4.0.3&ixid=M3wxMjA3fDB8MHx0b3BpYy1mZWVkfDQ4MHw2c01WalRMU2tlUXx8ZW58MHx8fHx8,britannic_023.jpg
24,britannic24,France,Paris,Rue du Faubourg du Temple,48 52 8.7342 N,2 22 6.3078 E,https://www.google.com/maps/embed?pb=!1m0!3m2!1sen!2sit!4v1436514195280!6m8!1m7!1sBgSUlJOYvc6x1G9T1ujR_g!2m2!1d48.869138!2d2.368498!3f122.31542743546301!4f-0.1517433690436718!5f0.4000000000000002,48.8691,2.36842,Sister,#ffffff,#000000,bold,uppercase,horizontal,https://images.unsplash.com/photo-1723328237480-03a9bfcf1638?w=500&auto=format&fit=crop&q=60&ixlib=rb-4.0.3&ixid=M3wxMjA3fDB8MHx0b3BpYy1mZWVkfDQ4Mnw2c01WalRMU2tlUXx8ZW58MHx8fHx8,britannic_024.jpg
25,britannic25,France,Bayonne,Rue Pannecau,"43° 29' 23.13"" N","1° 28' 18.6"" W",https://www.google.com/maps/embed?pb=!1m0!3m2!1sit!2sit!4v1440578980854!6m8!1m7!1svaEAYLfHVyfwW24zEa9Vpw!2m2!1d43.48987690406702!2d-1.471502783339378!3f340.27560071866145!4f-9.020969316143365!5f2.2377746766750897,43.489758,-1.471833,Caffè Moka,#ffffff,#ed1c24,bold,uppercase,vertical,https://images.unsplash.com/photo-1457542553555-6331c3c0855f?w=500&auto=format&fit=crop&q=60&ixlib=rb-4.0.3&ixid=M3wxMjA3fDB8MHx0b3BpYy1mZWVkfDQ5M3w2c01WalRMU2tlUXx8ZW58MHx8fHx8,britannic_025.jpg
26,britannic26,Spain,San Sebastian,4 Zabaleta Kalea,"43° 19' 21.87"" N","1° 58' 36.612"" W",https://www.google.com/maps/embed?pb=!1m0!3m2!1sit!2sit!4v1441617380190!6m8!1m7!1sOy9KN2r4PRZ9yx2D_eXzdw!2m2!1d43.32271892758719!2d-1.976761285116312!3f323.0367239287587!4f-7.059156451742879!5f1.9587109090973311,43.322706,-1.976797,"Bar ""El Doble""",#000000,#ffffff,ultra,uppercase,horizontal,https://images.unsplash.com/photo-1721297013582-8735f45b6a8b?w=500&auto=format&fit=crop&q=60&ixlib=rb-4.0.3&ixid=M3wxMjA3fDB8MHx0b3BpYy1mZWVkfDUxMHw2c01WalRMU2tlUXx8ZW58MHx8fHx8,britannic_026.jpg
27,britannic27,Italy,Bologna,via dè Carracci,"44°30'29.8""N","11°20'13.9""E",https://www.google.com/maps/embed?pb=!1m0!3m2!1sit!2sit!4v1442238490724!6m8!1m7!1sV_4vf5McjvjA9SpnZrUFZA!2m2!1d44.50751059338342!2d11.34184327411635!3f4.724158750872796!4f-3.2290169938989663!5f1.4121954373450212,44.508269,11.33719,Bar tabacchi,#ed1c24,#ffffff,ultra,uppercase,vertical,https://images.unsplash.com/photo-1723184935115-79e5d4e3791d?w=500&auto=format&fit=crop&q=60&ixlib=rb-4.0.3&ixid=M3wxMjA3fDB8MHx0b3BpYy1mZWVkfDUzOHw2c01WalRMU2tlUXx8ZW58MHx8fHx8,britannic_027.jpg
28,britannic28,Italy,Rimini,via Marecchiese,"44° 3' 24.348"" N","12° 33' 22.398"" E",https://www.google.com/maps/embed?pb=!1m0!3m2!1sen!2sit!4v1440538732037!6m8!1m7!1sRODtykmC4YMkOGfC96hLfQ!2m2!1d44.05684211712079!2d12.55626583328978!3f5.305861336089777!4f-0.22628610562608742!5f0.7820865974627469,44.056763,12.556222,Autoscuola,#ffffff,#ed1c24,ultra,lowercase,horizontal,https://images.unsplash.com/photo-1723011032825-4980449e6ed2?w=500&auto=format&fit=crop&q=60&ixlib=rb-4.0.3&ixid=M3wxMjA3fDB8MHx0b3BpYy1mZWVkfDU2Nnw2c01WalRMU2tlUXx8ZW58MHx8fHx8,britannic_028.jpg
29,britannic29,Spain,Barcelona,Plaça de la Llana,41° 23' 5.8308” N,2° 10' 45.1878” E,https://www.google.com/maps/embed?pb=!1m0!3m2!1sit!2sit!4v1443702320942!6m8!1m7!1svh2onvFy1c1CP68hJxrhRw!2m2!1d41.3850315!2d2.1792866!3f177.01173!4f-3.8273539999999997!5f0.7820865974627469,41.384953,2.179219,Horario,#000000,#ffffff,bold,uppercase,horizontal,https://images.unsplash.com/photo-1690973691921-2f472ec2841a?w=500&auto=format&fit=crop&q=60&ixlib=rb-4.0.3&ixid=M3wxMjA3fDB8MHx0b3BpYy1mZWVkfDYwN3w2c01WalRMU2tlUXx8ZW58MHx8fHx8,britannic_029.jpg
30,britannic30,Italy,Milano,Malpensa Terminal 2,"45° 38' 51.222"" N","8° 43' 21.45"" E",http://www.peradesso.com/progetti/britannic/error/error.html,45.647562,8.722625,Fatema parking,#000000,#ffffff,ultra,uppercase,horizontal,https://images.unsplash.com/photo-1726059968922-0396248fdaea?q=80&w=1740&auto=format&fit=crop&ixlib=rb-4.0.3&ixid=M3wxMjA3fDB8MHxwaG90by1wYWdlfHx8fGVufDB8fHx8fA%3D%3D,britannic_030.jpg
31,britannic31,Spain,Barcelona,Carrer de Torres i Amat,"41° 23' 3.15"" N","2° 9' 49.872"" E",https://www.google.com/maps/embed?pb=!1m0!3m2!1sen!2sit!4v1443708706934!6m8!1m7!1sUs-gyVs1DiTpL2ndlGoUrg!2m2!1d41.38411939723517!2d2.164072560719699!3f11.751240171115818!4f0.12640363930034937!5f0.7820865974627469,41.384208,2.163853,Xarcuteria,#ffffff,#00b37d,bold,uppercase,horizontal,https://images.unsplash.com/photo-1725652800358-ae3a752cfb68?w=500&auto=format&fit=crop&q=60&ixlib=rb-4.0.3&ixid=M3wxMjA3fDB8MHxmZWF0dXJlZC1waG90b3MtZmVlZHwxMnx8fGVufDB8fHx8fA%3D%3D,britannic_031.jpg
32,britannic32,Italy,Parma,Autostrada del Sole,"44° 49' 10.848"" N","10° 23' 52.008"" E",https://www.google.com/maps/embed?pb=!1m0!3m2!1sen!2sit!4v1442828087730!6m8!1m7!1suvQQ-pjBHXOs5KT3V3jw5g!2m2!1d44.82502279525477!2d10.38325610629301!3f209.30700383843558!4f-6.672758954716855!5f0.7820865974627469,44.819657,10.39772,Traslochi la Casertana,#ed1c24,#ffffff,ultra,uppercase,horizontal,https://plus.unsplash.com/premium_photo-1725588379392-7a56d6eff9ab?w=500&auto=format&fit=crop&q=60&ixlib=rb-4.0.3&ixid=M3wxMjA3fDB8MHxmZWF0dXJlZC1waG90b3MtZmVlZHwxOXx8fGVufDB8fHx8fA%3D%3D,britannic_032.jpg
33,britannic33,Spain,Barcelona,Avinguda del Paral·lel,"41° 22' 30.402"" N","2° 9' 18.228"" E",https://www.google.com/maps/embed?pb=!1m0!3m2!1sen!2sit!4v1443709015686!6m8!1m7!1sFbDw-SgOQ2emB7tJ8Pui-Q!2m2!1d41.37499355609084!2d2.154885473178527!3f175.93669275315833!4f-0.7472073441644227!5f2.0510704911321946,41.375112,2.155063,Cafeteria Lucca Pizzeria,#00b37d,#ed1c24,condensed,uppercase,horizontal,https://images.unsplash.com/photo-1720802616209-c174c23f6565?w=500&auto=format&fit=crop&q=60&ixlib=rb-4.0.3&ixid=M3wxMjA3fDB8MHxmZWF0dXJlZC1waG90b3MtZmVlZHwzMHx8fGVufDB8fHx8fA%3D%3D,britannic_033.jpg
34,britannic34,Italy,Casoni,Strada Provinciale 1,"44° 43' 31.08"" N","11° 3' 0.57"" E",https://www.google.com/maps/embed?pb=!1m0!3m2!1sen!2sit!4v1442827053045!6m8!1m7!1sfhs5lxx9nsQCjqSC2UTVew!2m2!1d44.72529212805281!2d11.05027543052544!3f223.75927956019973!4f-2.7699943969567613!5f2.4459148979988825,44.72531,11.050151,Impresa di pulizia,#2c4096,#ffffff,ultra,lowercase,horizontal,https://images.unsplash.com/photo-1726041453467-5fa7dce0251d?w=500&auto=format&fit=crop&q=60&ixlib=rb-4.0.3&ixid=M3wxMjA3fDB8MHxmZWF0dXJlZC1waG90b3MtZmVlZHw1Mnx8fGVufDB8fHx8fA%3D%3D,britannic_034.jpg
35,britannic35,Spain,Barcelona,Carrer del Parlament,"41° 22' 31.41"" N","2° 9' 40.89"" E",https://www.google.com/maps/embed?pb=!1m0!3m2!1sen!2sit!4v1443709195132!6m8!1m7!1scyzKSHIGV8_LrqQoVJjSMQ!2m2!1d41.37554053743696!2d2.161313270041038!3f305.3650250656247!4f-2.2159355760175004!5f1.9587109090973311,41.375392,2.161358,Forn de pa yus,#ecdbbf,#d9416a,ultra,lowercase,horizontal,https://images.unsplash.com/photo-1726056652663-8f1e42b2fc95?w=500&auto=format&fit=crop&q=60&ixlib=rb-4.0.3&ixid=M3wxMjA3fDB8MHxmZWF0dXJlZC1waG90b3MtZmVlZHw1OHx8fGVufDB8fHx8fA%3D%3D,britannic_035.jpg
36,britannic36,Italy,Milano,via Meda,"45° 26' 47.148"" N","9° 10' 46.32"" E",https://www.google.com/maps/embed?pb=!1m0!3m2!1sen!2sit!4v1446550901373!6m8!1m7!1s6i5q3O7BM70tHhkObJRlig!2m2!1d45.4464382538053!2d9.179414472186448!3f121.8594675247224!4f-0.6704607626202659!5f0.4000000000000002,45.446417,9.179507,Tendaggi,#ffffff,#156974,bold,uppercase,horizontal,https://images.unsplash.com/photo-1674407729043-c21b71fded37?w=500&auto=format&fit=crop&q=60&ixlib=rb-4.0.3&ixid=M3wxMjA3fDB8MHx0b3BpYy1mZWVkfDYwfDZzTVZqVExTa2VRfHxlbnwwfHx8fHw%3D,britannic_036.jpg
37,britannic37,Spain,Barcelona,Carrer del Parlament,"41° 22' 29.922"" N","2° 9' 41.328"" E",https://www.google.com/maps/embed?pb=!1m0!3m2!1sen!2sit!4v1443709651201!6m8!1m7!1seSz0iXkcdOWP3OjkobLZAg!2m2!1d41.37518552099574!2d2.161086651202607!3f84.90437488027581!4f-0.02724108373992351!5f2.3763217753114394,41.374978,2.16148,SE HACEN ARREGLOS DE ROPA,#000000,#ffffff,ultra,uppercase,horizontal,https://images.unsplash.com/photo-1725489891089-5960671a3433?w=500&auto=format&fit=crop&q=60&ixlib=rb-4.0.3&ixid=M3wxMjA3fDB8MHx0b3BpYy1mZWVkfDk4fDZzTVZqVExTa2VRfHxlbnwwfHx8fHw%3D,britannic_037.jpg
38,britannic38,Italy,Catania,Piazza Stesicoro,"37° 30' 26.31"" N","15° 5' 7.8"" E",https://www.google.com/maps/embed?pb=!1m0!3m2!1sen!2sit!4v1448967510149!6m8!1m7!1sMmyhJ1RZfxYa0JqnipTd-A!2m2!1d37.50723882590685!2d15.0855057224819!3f174.02249319964844!4f-0.19058785842454995!5f0.4000000000000002,37.507317,15.085494,stock,#3a3961,#ffffff,light,uppercase,horizontal,https://images.unsplash.com/photo-1725476479171-4728f92dfa9c?w=500&auto=format&fit=crop&q=60&ixlib=rb-4.0.3&ixid=M3wxMjA3fDB8MHx0b3BpYy1mZWVkfDEwNHw2c01WalRMU2tlUXx8ZW58MHx8fHx8,britannic_038.jpg
39,britannic39,Italy,Trento,via Don Arcangelo Rizzi,"46° 4' 3.948"" N","11° 7' 13.158"" E",https://www.google.com/maps/embed?pb=!1m0!3m2!1sen!2sit!4v1449735190050!6m8!1m7!1sylR31pVbCX3eDlbdPQDAAw!2m2!1d46.0676655!2d11.1201504!3f267.6713269380509!4f-0.3113634248657604!5f0.4000000000000002,46.067751,11.120323,1884,#ff0000,#ffffff,bold,lowercase,horizontal,https://images.unsplash.com/photo-1682686580036-b5e25932ce9a?w=500&auto=format&fit=crop&q=60&ixlib=rb-4.0.3&ixid=M3wxMjA3fDB8MHx0b3BpYy1mZWVkfDEzNnw2c01WalRMU2tlUXx8ZW58MHx8fHx8,britannic_039.jpg
40,britannic40,Italy,Milano,corso Garibaldi,"45° 28' 30.042"" N","9° 11' 1.05"" E",https://www.google.com/maps/embed?pb=!1m0!3m2!1sen!2sit!4v1449735675827!6m8!1m7!1sZ2pR_v56N0tDMVQtkN2bmA!2m2!1d45.47492784008833!2d9.183508833055429!3f96.37737400907966!4f-0.4170312302386492!5f0.4000000000000002,45.475018,9.183586,offerta - scarpe tutte € 29 - maglie € 19,#000000,#ffffff,bold,uppercase,horizontal,https://images.unsplash.com/photo-1725294692057-12a381e1f6fd?w=500&auto=format&fit=crop&q=60&ixlib=rb-4.0.3&ixid=M3wxMjA3fDB8MHx0b3BpYy1mZWVkfDE0OXw2c01WalRMU2tlUXx8ZW58MHx8fHx8,britannic_040.jpg
41,britannic41,Spain,Barcelona,Carrer del Sant Antoni Abat,"41° 22' 44.382"" N","2° 9' 51.24"" E",https://www.google.com/maps/embed?pb=!1m0!3m2!1sen!2sit!4v1443709369729!6m8!1m7!1spUosi_nyUfPck743yENgQg!2m2!1d41.37902752458845!2d2.164246385098729!3f199.09985287148686!4f-2.4374892969146345!5f0.6353231175023952,41.378995,2.164233,Pintor,#000000,#ffffff,bold,uppercase,vertical,https://images.unsplash.com/photo-1723941839547-1e3e7d168173?w=500&auto=format&fit=crop&q=60&ixlib=rb-4.0.3&ixid=M3wxMjA3fDB8MHx0b3BpYy1mZWVkfDE2OXw2c01WalRMU2tlUXx8ZW58MHx8fHx8,britannic_041.jpg
42,britannic42,Spain,Barcelona,Carrer del Bisbe Laguarda,"41°22'45.1""N","2°09'56.0""E",https://www.google.com/maps/embed?pb=!1m0!3m2!1sen!2sit!4v1443709437113!6m8!1m7!1sA8tUgRP7_xkMt0egZluTJA!2m2!1d41.37939801614366!2d2.165413991011204!3f274.37432788627456!4f1.1634025349877533!5f0.4000000000000002,41.379203,2.16557,Parròquia de la Mare de Déu del Carme 1913-2013,#97311b,#ffffff,bold,number,horizontal,https://images.unsplash.com/photo-1496706855297-b6e1fe527339?w=500&auto=format&fit=crop&q=60&ixlib=rb-4.0.3&ixid=M3wxMjA3fDB8MHx0b3BpYy1mZWVkfDIzOHw2c01WalRMU2tlUXx8ZW58MHx8fHx8,britannic_042.jpg
43,britannic43,Germany,Berlin,Rosa-Luxemburg-Straße,"52° 31' 25.722"" N","13° 24' 34.512"" E",https://www.google.com/maps/embed?pb=!1m0!3m2!1sen!2sit!4v1454924072603!6m8!1m7!1sSvmbKF-MFDDVPO7NbBeytw!2m2!1d52.52384744440106!2d13.40954303143637!3f307.06749543280364!4f1.858116837153844!5f0.7820865974627469,52.523883,13.409619,Soup kultur,#d33254,#33388a,bold,uppercase,horizontal,https://images.unsplash.com/photo-1724508772090-020b21b14da6?w=500&auto=format&fit=crop&q=60&ixlib=rb-4.0.3&ixid=M3wxMjA3fDB8MHx0b3BpYy1mZWVkfDI3MXw2c01WalRMU2tlUXx8ZW58MHx8fHx8,britannic_043.jpg
44,britannic44,Italy,Milano,via Piero della Francesca,"45° 29' 5.22"" N","9° 9' 45.03"" E",https://www.google.com/maps/embed?pb=!1m0!3m2!1sen!2sit!4v1454405577441!6m8!1m7!1sKPWPTMv7WS4ldBCzJ37lMw!2m2!1d45.48475309569071!2d9.162515639968976!3f27.883080455116087!4f-1.618118860200326!5f0.7820865974627469,45.484786,9.162501,Offerta uomo € 29,#ff0000,#ffcb05,bold,uppercase,vertical,https://images.unsplash.com/photo-1724597233378-249fd99848b0?w=500&auto=format&fit=crop&q=60&ixlib=rb-4.0.3&ixid=M3wxMjA3fDB8MHx0b3BpYy1mZWVkfDMzM3w2c01WalRMU2tlUXx8ZW58MHx8fHx8,britannic_044.jpg
45,britannic45,USA,New York,Stanton st,"40°43'15.8""N","73°59'15.4""W",https://www.google.com/maps/embed?pb=!1m0!3m2!1sen!2sit!4v1452683181961!6m8!1m7!1srH1bdDT5QHaI1syoOJ2dZQ!2m2!1d40.72113820433374!2d-73.98758330102547!3f180.72084322248907!4f-1.4899366259748064!5f0.7820865974627469,40.721069,-73.987605,99¢ Fresh Pizza,#fa3443,#fff125,bold,uppercase,w other,https://images.unsplash.com/photo-1723920449193-cba2f39a4d0c?w=500&auto=format&fit=crop&q=60&ixlib=rb-4.0.3&ixid=M3wxMjA3fDB8MHx0b3BpYy1mZWVkfDM1NXw2c01WalRMU2tlUXx8ZW58MHx8fHx8,britannic_045.jpg
46,britannic46,Germany,Berlin,Invalidenstraße,"52° 31' 35.952"" N","13° 22' 9.348"" E",https://www.google.com/maps/embed?pb=!1m0!3m2!1sen!2sit!4v1454923396712!6m8!1m7!1stbc7KfKkJOEux2cisUKxnA!2m2!1d52.52655915491879!2d13.36929255072036!3f332.15837881789025!4f1.7700700308872115!5f1.7021306095491306,52.526715,13.369721,Backshop & Kaffee - Suppe Soup Brezeln Croissants Belegte Brötchen Belegte Baguettes Warme & Kalte Getränke,#ffffff,,bold,uppercase,horizontal,https://images.unsplash.com/photo-1660678519362-2099db408451?w=500&auto=format&fit=crop&q=60&ixlib=rb-4.0.3&ixid=M3wxMjA3fDB8MHx0b3BpYy1mZWVkfDM5OXw2c01WalRMU2tlUXx8ZW58MHx8fHx8,britannic_046.jpg
47,britannic47,Italy,Roma,via dei Chiavari,"41° 53' 44.01"" N","12° 28' 28.14"" E",https://www.google.com/maps/embed?pb=!1m0!3m2!1sen!2sit!4v1457956326833!6m8!1m7!1s9go9b7g9HrjQh49ZgpS0EQ!2m2!1d41.8951062!2d12.4742367!3f75.47282855932791!4f-4.202684810977573!5f0.4000000000000002,41.895097,12.474237,luggage storage - deposito bagagli,#000000,#fff125,ultra,smallcaps,horizontal,https://images.unsplash.com/photo-1722846324724-2cb3f396358c?w=500&auto=format&fit=crop&q=60&ixlib=rb-4.0.3&ixid=M3wxMjA3fDB8MHx0b3BpYy1mZWVkfDQwOXw2c01WalRMU2tlUXx8ZW58MHx8fHx8,britannic_047.jpg
48,britannic48,Italy,Faenza,via Angelo Lapi,"44° 16' 56.922"" N","11° 52' 37.368"" E",https://www.google.com/maps/embed?pb=!1m0!3m2!1sen!2sit!4v1459861550129!6m8!1m7!1sADA6V7-Z4codgc1kZAT7OA!2m2!1d44.28250363787359!2d11.87697121736714!3f185.334216387014!4f-0.9300158750779701!5f1.9587109090973311,44.28239,11.876963,alla vecchia maniera,#cf2120,#fef1e8,bold,uppercase,horizontal,https://images.unsplash.com/photo-1723845629153-7e0d0a5e44c3?w=500&auto=format&fit=crop&q=60&ixlib=rb-4.0.3&ixid=M3wxMjA3fDB8MHx0b3BpYy1mZWVkfDQyNXw2c01WalRMU2tlUXx8ZW58MHx8fHx8,britannic_048.jpg
49,britannic49,Germany,Berlin,Friedrichstraße,"52° 30' 26.412"" N","13° 23' 26.538"" E",https://www.google.com/maps/embed?pb=!1m0!3m2!1sen!2sit!4v1454924203047!6m8!1m7!1sSWQMMCudz63GJJSa6AQT-g!2m2!1d52.50718821975356!2d13.39045597354785!3f85.65630434981824!4f-2.2795121277582666!5f0.4000000000000002,52.50731,13.390479,stadtrundfahrten sightseeing,#000000,#ffffff,ultra,uppercase,vertical,https://images.unsplash.com/photo-1723712286025-1eb6a851420a?w=500&auto=format&fit=crop&q=60&ixlib=rb-4.0.3&ixid=M3wxMjA3fDB8MHx0b3BpYy1mZWVkfDQzOHw2c01WalRMU2tlUXx8ZW58MHx8fHx8,britannic_049.jpg
50,britannic50,Italy,Bologna,via Fossalta,"44° 29' 41.802"" N","11° 20' 37.848"" E",https://www.google.com/maps/embed?pb=!1m0!3m2!1sen!2sit!4v1469611599485!6m8!1m7!1sp57ozhkqfmky9jxF1_UsSw!2m2!1d44.49465263152762!2d11.34383753144454!3f327.1842914448052!4f-1.377008897689194!5f1.9587109090973311,44.494853,11.343662,Boyfriend pants,#0864a5,,bold,uppercase,horizontal,https://images.unsplash.com/photo-1723576016880-6d388559351a?w=500&auto=format&fit=crop&q=60&ixlib=rb-4.0.3&ixid=M3wxMjA3fDB8MHx0b3BpYy1mZWVkfDQ0MHw2c01WalRMU2tlUXx8ZW58MHx8fHx8,britannic_050.jpg
51,britannic51,Italy,Porto Ercole,Lungomare Andrea Doria,"42°23'26.6""N","11°12'28.1""E",https://www.google.com/maps/embed?pb=!1m0!3m2!1sen!2sit!4v1470839994679!6m8!1m7!1sHmGsQcDcXYXcc5YqMJivPw!2m2!1d42.39071382834697!2d11.20766324405654!3f48.226510498768704!4f-0.5119277790960695!5f0.4000000000000002,42.390737,11.207816,Pierservice 1/3 Rent Boat,#ffffff,,bold,uppercase,horizontal,https://images.unsplash.com/photo-1723645579079-58a107f1d852?w=500&auto=format&fit=crop&q=60&ixlib=rb-4.0.3&ixid=M3wxMjA3fDB8MHx0b3BpYy1mZWVkfDQ1NXw2c01WalRMU2tlUXx8ZW58MHx8fHx8,britannic_051.jpg
52,britannic52,Italy,Cavallino,Corso Europa,"45° 28' 15.288"" N","12° 32' 36.81"" E",https://www.google.com/maps/embed?pb=!1m0!3m2!1sen!2sit!4v1473262083643!6m8!1m7!1sqfvshUQWM8WZgRL7HMGYMQ!2m2!1d45.47088024213909!2d12.54360318693904!3f265.5280936268358!4f0.8904253586817674!5f1.9587109090973311,45.470913,12.543558,Cappuccino Brioche Caffè,#000000,#ffffff,condensed,uppercase,vertical,https://images.unsplash.com/photo-1723531449515-af7c14403de3?w=500&auto=format&fit=crop&q=60&ixlib=rb-4.0.3&ixid=M3wxMjA3fDB8MHx0b3BpYy1mZWVkfDQ4MHw2c01WalRMU2tlUXx8ZW58MHx8fHx8,britannic_052.jpg
53,britannic53,Spain,Barcelona,Carrer de Joaquin Costa,"41° 22' 54.09"" N","2° 10' 0.552"" E",https://www.google.com/maps/embed?pb=!1m0!3m2!1sen!2sit!4v1445934565692!6m8!1m7!1sGmRCkmMSG3syRyFXMyLIQg!2m2!1d41.38162714078513!2d2.166825218444855!3f51.8966469869153!4f-3.128333845715659!5f0.4000000000000002,41.381878,2.166809,Hamza 2002 s.l.,#ffffff,#000000,bold,lowercase,horizontal,https://images.unsplash.com/photo-1723328237480-03a9bfcf1638?w=500&auto=format&fit=crop&q=60&ixlib=rb-4.0.3&ixid=M3wxMjA3fDB8MHx0b3BpYy1mZWVkfDQ4Mnw2c01WalRMU2tlUXx8ZW58MHx8fHx8,britannic_053.jpg
54,britannic54,Italy,Milano,via Padova,"45° 29' 31.818"" N","9° 13' 29.052"" E",https://www.google.com/maps/embed?pb=!1m0!3m2!1sen!2sit!4v1478683866279!6m8!1m7!1siX_8vjr0_FiTPgIXLZ7g7g!2m2!1d45.49220223603658!2d9.224742203841771!3f293.16290853179106!4f-3.6754978515865133!5f1.9587109090973311,45.492172,9.224737,Carne - pollo - prodotti alimentari al dettaglio e all'ingrosso,#ffffff,#a00000,ultra,uppercase,vertical,https://images.unsplash.com/photo-1457542553555-6331c3c0855f?w=500&auto=format&fit=crop&q=60&ixlib=rb-4.0.3&ixid=M3wxMjA3fDB8MHx0b3BpYy1mZWVkfDQ5M3w2c01WalRMU2tlUXx8ZW58MHx8fHx8,britannic_054.jpg
55,britannic55,Italy,Fiorenzuola d'Arda,A1,"44° 57' 42.918"" N","9° 54' 15.972"" E",http://www.peradesso.com/progetti/britannic/error/error.html,44.961922,9.904437,Futura,#0000a0,#dcdcdc,"condensed, bold",uppercase,horizontal,https://images.unsplash.com/photo-1721297013582-8735f45b6a8b?w=500&auto=format&fit=crop&q=60&ixlib=rb-4.0.3&ixid=M3wxMjA3fDB8MHx0b3BpYy1mZWVkfDUxMHw2c01WalRMU2tlUXx8ZW58MHx8fHx8,britannic_055.jpg
56,britannic56,USA,New York,Madison Ave,"40°44'56.0""N","73°58'55.5""W",https://www.google.com/maps/embed?pb=!1m0!3m2!1sen!2sit!4v1452183979688!6m8!1m7!1sS5GSC7RMDIR4OvvkkZC1fA!2m2!1d40.74890018972984!2d-73.9821329200696!3f111.31500918778045!4f-0.5716862811961647!5f0.4000000000000002,40.748891,-73.982085,Daniel Roshnan MD. Maternal - Fetal Medicine OB/GYN/ULTRASOUND 213,#ffffff,#371526,ultra,lowercase,horizontal,https://images.unsplash.com/photo-1723184935115-79e5d4e3791d?w=500&auto=format&fit=crop&q=60&ixlib=rb-4.0.3&ixid=M3wxMjA3fDB8MHx0b3BpYy1mZWVkfDUzOHw2c01WalRMU2tlUXx8ZW58MHx8fHx8,britannic_056.jpg
57,britannic57,Denmark,Copenhagen,Vimmelskaftet 48,"55° 40' 42.3336""","12° 34' 26.2806""",https://www.google.com/maps/embed?pb=!1m0!3m2!1sen!2sit!4v1484996428666!6m8!1m7!1sGoO_1sT9_WWtbnFhhmb1lA!2m2!1d55.67863423167271!2d12.57417608496516!3f233.69821789607457!4f-2.4282341789359236!5f0.7820865974627469,55.678426,12.573967,Restaurant Samos skindergade 29 tlf. 33 33 00 25 large buffet,#000096,#ffffff,bold,uppercase,horizontal,https://images.unsplash.com/photo-1723011032825-4980449e6ed2?w=500&auto=format&fit=crop&q=60&ixlib=rb-4.0.3&ixid=M3wxMjA3fDB8MHx0b3BpYy1mZWVkfDU2Nnw2c01WalRMU2tlUXx8ZW58MHx8fHx8,britannic_057.jpg
58,britannic58,Italy,Milano,viale Monza,"45° 29' 19.758"" N","9° 13' 2.442"" E",https://www.google.com/maps/embed?pb=!1m0!3m2!1sen!2sit!4v1476968166920!6m8!1m7!1sf4YlrKpVhkpD576TRcqhOQ!2m2!1d45.48883999948075!2d9.217468090056855!3f265.62944255460746!4f-3.239657827544548!5f1.9587109090973311,45.488822,9.217345,Istanbul,#ffffff,#000000,bold,uppercase,horizontal,https://images.unsplash.com/photo-1690973691921-2f472ec2841a?w=500&auto=format&fit=crop&q=60&ixlib=rb-4.0.3&ixid=M3wxMjA3fDB8MHx0b3BpYy1mZWVkfDYwN3w2c01WalRMU2tlUXx8ZW58MHx8fHx8,britannic_058.jpg
59,britannic59,Italy,Ostuni,via Papa Giovanni XXIII,"40° 43' 16.758"" N","17° 34' 37.122"" E",https://www.google.com/maps/embed?pb=!1m0!4v1499353766671!6m8!1m7!1si7ip1Bj5wp0EbQGnSGB4dg!2m2!1d40.72143230353758!2d17.5770768884037!3f270.8263704002467!4f-4.0047270165950835!5f1.9587109090973311,40.721322,17.576978,Fritto & Cotto di verdura,#ff0000,#f6ebd5,bold,uppercase,horizontal,https://images.unsplash.com/photo-1726059968922-0396248fdaea?q=80&w=1740&auto=format&fit=crop&ixlib=rb-4.0.3&ixid=M3wxMjA3fDB8MHxwaG90by1wYWdlfHx8fGVufDB8fHx8fA%3D%3D,britannic_059.jpg
60,britannic60,Uk,London,130 St John St,"51° 31' 22.638"" N","0° 6' 8.4"" W",https://www.google.com/maps/embed?pb=!1m0!3m2!1sen!2sit!4v1479633541738!6m8!1m7!1sBbY4cm9YVT1AA1cQLmoO3w!2m2!1d51.52299229697068!2d-0.1022399980525677!3f114.4432538667986!4f-3.1364416113594302!5f2.0621577820882466,51.522955,-0.102333,Dry Cleaners,#ffffff,#000000,ultra,smallcaps,horizontal,https://images.unsplash.com/photo-1725652800358-ae3a752cfb68?w=500&auto=format&fit=crop&q=60&ixlib=rb-4.0.3&ixid=M3wxMjA3fDB8MHxmZWF0dXJlZC1waG90b3MtZmVlZHwxMnx8fGVufDB8fHx8fA%3D%3D,britannic_060.jpg
61,britannic61,Italy,Urbino,via Saffi,"43° 43' 25.8882""","12° 38' 13.0518""",https://www.google.com/maps/embed?pb=!1m0!3m2!1sen!2sus!4v1445330569108!6m8!1m7!1sTjPn3asexvAAAAAGOi_qIg!2m2!1d43.72410786144123!2d12.63700998831189!3f30.068622721826124!4f-0.8860915517509653!5f0.7820865974627469,43.723858,12.636959,Speciale studenti a prezzi che vi stupiranno,#3BDEFF,#ffffff,bold,lowercase,vertical,https://plus.unsplash.com/premium_photo-1725588379392-7a56d6eff9ab?w=500&auto=format&fit=crop&q=60&ixlib=rb-4.0.3&ixid=M3wxMjA3fDB8MHxmZWF0dXJlZC1waG90b3MtZmVlZHwxOXx8fGVufDB8fHx8fA%3D%3D,britannic_061.jpg
62,britannic62,Italy,Milano,Piazza Lima,"45° 28' 49.3608""","9° 12' 39.762""",https://www.google.com/maps/embed?pb=!1m0!3m2!1sen!2sit!4v1445330913128!6m8!1m7!1sK9feIc8f3XxTgm0Okhf1WA!2m2!1d45.48041610625855!2d9.211360140496085!3f222.5205009639056!4f-0.3046548270355629!5f1.5609236516162577,45.480378,9.211045,Modaziz,#000000,#ffffff,medium,uppercase,horizontal,https://images.unsplash.com/photo-1720802616209-c174c23f6565?w=500&auto=format&fit=crop&q=60&ixlib=rb-4.0.3&ixid=M3wxMjA3fDB8MHxmZWF0dXJlZC1waG90b3MtZmVlZHwzMHx8fGVufDB8fHx8fA%3D%3D,britannic_062.jpg
63,britannic63,USA,New York,Lafayettee St,"40°43'33.9""N","73°59'40.6""W",https://www.google.com/maps/embed?pb=!1m0!3m2!1sen!2sit!4v1452183617159!6m8!1m7!1sHI1cs9Aoo2x8mQg8ijjcqA!2m2!1d40.72603923775314!2d-73.99455949084712!3f300.8398025348287!4f1.3937798811500386!5f1.9587109090973311,40.726074,-73.994602,M&D Shapiro Hardware,#ffffff,#006400,bold,uppercase,horizontal,https://images.unsplash.com/photo-1726041453467-5fa7dce0251d?w=500&auto=format&fit=crop&q=60&ixlib=rb-4.0.3&ixid=M3wxMjA3fDB8MHxmZWF0dXJlZC1waG90b3MtZmVlZHw1Mnx8fGVufDB8fHx8fA%3D%3D,britannic_063.jpg
64,britannic64,USA,New York,Canal Street,"40°42'55.8""N","73°59'37.9""W",https://www.google.com/maps/embed?pb=!1m0!3m2!1sen!2sit!4v1452184122137!6m8!1m7!1sdGAbgEQi2zAE31HtE9z16A!2m2!1d40.71545545305985!2d-73.99374814673683!3f11.835863373548793!4f-0.45180927422526906!5f0.4000000000000002,40.715502,-73.993853,NY-NC-SC-GA-FL,#FF0000,#ffffff,bold,uppercase,horizontal,https://images.unsplash.com/photo-1726056652663-8f1e42b2fc95?w=500&auto=format&fit=crop&q=60&ixlib=rb-4.0.3&ixid=M3wxMjA3fDB8MHxmZWF0dXJlZC1waG90b3MtZmVlZHw1OHx8fGVufDB8fHx8fA%3D%3D,britannic_064.jpg
65,britannic65,USA,Brooklyn,Van Brunt St,"40°40'37.5""N","74°00'47.6""W",https://www.google.com/maps/embed?pb=!1m0!3m2!1sen!2sit!4v1452184487851!6m8!1m7!1sNceyzziL2d7uxHoLZ-m-RA!2m2!1d40.6770840951746!2d-74.0131970193699!3f311.86609642057294!4f-0.5895467492306352!5f0.4000000000000002,40.677079,-74.01323,Stationery Natural/Organic Cosmetics Baby Needs Diabetic Supplies/Shoes Free pick-up Free Delivery Homeopathic Compounding Human & Animal Most Insurance Accepted • Flu Shots,#000000,#ffffff,ultra,lowercase,vertical,https://images.unsplash.com/photo-1674407729043-c21b71fded37?w=500&auto=format&fit=crop&q=60&ixlib=rb-4.0.3&ixid=M3wxMjA3fDB8MHx0b3BpYy1mZWVkfDYwfDZzTVZqVExTa2VRfHxlbnwwfHx8fHw%3D,britannic_065.jpg
66,britannic66,Italy,Milano,via Spontini,"45° 28' 54.69"" N","9° 12' 48.27"" E",https://www.google.com/maps/embed?pb=!1m0!3m2!1sen!2sit!4v1456255982310!6m8!1m7!1sT1dHhkiM3oFJost_RTyEsA!2m2!1d45.48186701941!2d9.213522936948928!3f215.62861776141847!4f1.3715919162431192!5f0.4000000000000002,45.481888,9.213419,Sartoria Riparazioni,#0000FF,#ffffff,ultra,uppercase,horizontal,https://images.unsplash.com/photo-1725489891089-5960671a3433?w=500&auto=format&fit=crop&q=60&ixlib=rb-4.0.3&ixid=M3wxMjA3fDB8MHx0b3BpYy1mZWVkfDk4fDZzTVZqVExTa2VRfHxlbnwwfHx8fHw%3D,britannic_066.jpg
67,britannic67,Italy,Milano,Corso Buenos Aires,"45° 29' 2.448"" N","9° 12' 53.382"" E",https://www.google.com/maps/embed?pb=!1m0!3m2!1sen!2sit!4v1456256168405!6m8!1m7!1sGho4Zl6Yn8Uv216Q3HBQ_g!2m2!1d45.48370781048951!2d9.214240321973588!3f282.3193258623556!4f-1.1100061900614264!5f0.4000000000000002,45.483742,9.214206,Erboristeria “Vivinatura” Angolo Via Mercadante,green,#000000,bold,uppercase,horizontal,https://images.unsplash.com/photo-1725476479171-4728f92dfa9c?w=500&auto=format&fit=crop&q=60&ixlib=rb-4.0.3&ixid=M3wxMjA3fDB8MHx0b3BpYy1mZWVkfDEwNHw2c01WalRMU2tlUXx8ZW58MHx8fHx8,britannic_067.jpg
68,britannic68,Italy,Roma,via delle Quattro Fontane,"41° 54' 5.508"" N","12° 29' 29.22"" E",https://www.google.com/maps/embed?pb=!1m0!3m2!1sen!2sit!4v1457956458588!6m8!1m7!1sWTtKLlRw3-1X3HkeDcndjw!2m2!1d41.90152804569128!2d12.49148715689386!3f54.94062359114648!4f-4.4091120309918495!5f1.9587109090973311,41.90154,12.491434,Centro convenzionato con easy welfare srl,#0000FF,#ffffff,ultra,uppercase,horizontal,https://images.unsplash.com/photo-1682686580036-b5e25932ce9a?w=500&auto=format&fit=crop&q=60&ixlib=rb-4.0.3&ixid=M3wxMjA3fDB8MHx0b3BpYy1mZWVkfDEzNnw2c01WalRMU2tlUXx8ZW58MHx8fHx8,britannic_068.jpg
69,britannic69,Italy,Milano,via Meda,"45° 26' 38.94"" N","9° 10' 44.73"" E",https://www.google.com/maps/embed?pb=!1m0!3m2!1sen!2sit!4v1454326048394!6m8!1m7!1sxg9SP5kupClrd9fHkCvmcQ!2m2!1d45.44399038597963!2d9.179056173673665!3f122.82853916490768!4f0.4847822699525324!5f0.7820865974627469,45.444195,9.179092,Alimentari snc prodotti: Asia - Africa - Sud America,#FF0000,#ffffff,bold,uppercase,horizontal,https://images.unsplash.com/photo-1725294692057-12a381e1f6fd?w=500&auto=format&fit=crop&q=60&ixlib=rb-4.0.3&ixid=M3wxMjA3fDB8MHx0b3BpYy1mZWVkfDE0OXw2c01WalRMU2tlUXx8ZW58MHx8fHx8,britannic_069.jpg
70,britannic70,Italy,Brugherio,Via dei Mille,x,x,x,x,x,x,#000000,#ffffff,regular,uppercase,horizontal,https://images.unsplash.com/photo-1723941839547-1e3e7d168173?w=500&auto=format&fit=crop&q=60&ixlib=rb-4.0.3&ixid=M3wxMjA3fDB8MHx0b3BpYy1mZWVkfDE2OXw2c01WalRMU2tlUXx8ZW58MHx8fHx8,britannic_070.jpg
71,britannic71,Portugal,Arraiolos,Rua do Bairro Serpa Pinto,"38°43'24.0""N","7°59'16.0""W",https://www.google.com/maps/embed?pb=!1m0!3m2!1sen!2sit!4v1470840181906!6m8!1m7!1sl0wEpcjYAhvkXEJYMizrSQ!2m2!1d38.7233442!2d-7.9877409!3f44.61837279223137!4f-2.089564447686442!5f1.9587109090973311,38.723331,-7.987771,arrenda-se ,#000000,#ffffff,ultra,uppercase,horizontal,https://images.unsplash.com/photo-1496706855297-b6e1fe527339?w=500&auto=format&fit=crop&q=60&ixlib=rb-4.0.3&ixid=M3wxMjA3fDB8MHx0b3BpYy1mZWVkfDIzOHw2c01WalRMU2tlUXx8ZW58MHx8fHx8,britannic_071.jpg
72,britannic72,Italy,Quarto d'Altino,via Roma,"45° 34' 54.5118""","12° 21' 55.6842""",https://www.google.com/maps/embed?pb=!1m0!3m2!1sen!2sit!4v1469609903941!6m8!1m7!1s5nkf8sihWJN-ynizlgUqlQ!2m2!1d45.58176400911297!2d12.36554338431508!3f15.661031273218933!4f2.725465955153922!5f2.269284685421556,,12.365468,Aperto tutto i giorni 7:00 - 12:00 fino al 31 agosto,#000000,#FFDE21,bold,uppercase,horizontal,https://images.unsplash.com/photo-1724508772090-020b21b14da6?w=500&auto=format&fit=crop&q=60&ixlib=rb-4.0.3&ixid=M3wxMjA3fDB8MHx0b3BpYy1mZWVkfDI3MXw2c01WalRMU2tlUXx8ZW58MHx8fHx8,britannic_072.jpg
73,britannic73,Italy,Scorzè ,via Venezia,"45° 33' 54"" N","12° 7' 13.59"" E",https://www.google.com/maps/embed?pb=!1m0!3m2!1sen!2sit!4v1469610353686!6m8!1m7!1swnEw496dXfRKP9SNEwAb5g!2m2!1d45.5649619317258!2d12.12052481432544!3f246.96488424757544!4f3.069435365651003!5f1.901697587659037,45.564953,12.120485,"Menù prezzo fisso 11,00",#000000,#ffffff,bold,uppercase,horizontal,https://images.unsplash.com/photo-1724597233378-249fd99848b0?w=500&auto=format&fit=crop&q=60&ixlib=rb-4.0.3&ixid=M3wxMjA3fDB8MHx0b3BpYy1mZWVkfDMzM3w2c01WalRMU2tlUXx8ZW58MHx8fHx8,britannic_073.jpg
74,britannic74,Netherlands,Amsterdam,Alexanderplein,"52° 21' 47.592"" N","4° 55' 8.85"" E",https://www.google.com/maps/embed?pb=!1m0!3m2!1sen!2sit!4v1469611002048!6m8!1m7!1s1fEQvkp_LGDhctBVpHb9Lg!2m2!1d52.3632708!2d4.9195106!3f278.75738259545375!4f-0.14036070918412236!5f0.7820865974627469,52.363272,4.919271,Restaurant Elkaar,#ffffff,#000000,ultra,uppercase,horizontal,https://images.unsplash.com/photo-1723920449193-cba2f39a4d0c?w=500&auto=format&fit=crop&q=60&ixlib=rb-4.0.3&ixid=M3wxMjA3fDB8MHx0b3BpYy1mZWVkfDM1NXw2c01WalRMU2tlUXx8ZW58MHx8fHx8,britannic_074.jpg
75,britannic75,Netherlands,Amsterdam,Binnengasthuisstraat,"52° 22' 8.322"" N","4° 53' 40.32"" E",,52.368978,4.894584,Stap in het Amsterdam van de zestiende eeuw,#ffffff,#FF0000,bold,uppercase,vertical,https://images.unsplash.com/photo-1660678519362-2099db408451?w=500&auto=format&fit=crop&q=60&ixlib=rb-4.0.3&ixid=M3wxMjA3fDB8MHx0b3BpYy1mZWVkfDM5OXw2c01WalRMU2tlUXx8ZW58MHx8fHx8,britannic_075.jpg
76,britannic76,Netherlands,Amsterdam,Binnengasthuisstraat,"52° 22' 8.322"" N","4° 53' 40.32"" E",,52.368978,4.894584,Babel.,#000000,#ffffff,bold,uppercase,horizontal,https://images.unsplash.com/photo-1722846324724-2cb3f396358c?w=500&auto=format&fit=crop&q=60&ixlib=rb-4.0.3&ixid=M3wxMjA3fDB8MHx0b3BpYy1mZWVkfDQwOXw2c01WalRMU2tlUXx8ZW58MHx8fHx8,britannic_076.jpg
77,britannic77,Italy,Milano,via Cappellini,"45° 28' 52.488"" N","9° 12' 10.938"" E",https://www.google.com/maps/embed?pb=!1m0!3m2!1sen!2sit!4v1472654030113!6m8!1m7!1sOQXSwZrf1x-5sAPkzd_cpg!2m2!1d45.48122848521066!2d9.203077357673237!3f190.95670524375518!4f1.4469031399069934!5f0.4000000000000002,45.481247,9.203038,Etineris prenotazioni hotel,#FFA500,#FF0000,ultra,smallcaps,w other,https://images.unsplash.com/photo-1723845629153-7e0d0a5e44c3?w=500&auto=format&fit=crop&q=60&ixlib=rb-4.0.3&ixid=M3wxMjA3fDB8MHx0b3BpYy1mZWVkfDQyNXw2c01WalRMU2tlUXx8ZW58MHx8fHx8,britannic_077.jpg
78,britannic78,Italy,Milano,via Medici,"45° 27' 38.838"" N","9° 10' 52.452"" E",https://www.google.com/maps/embed?pb=!1m0!3m2!1sen!2sit!4v1477235990104!6m8!1m7!1sGXfwoPi8aTWOuCkee1wZHw!2m2!1d45.46073610289137!2d9.18121830315539!3f11.487055631883825!4f-1.2287377020577708!5f0.4000000000000002,45.460788,9.181237,Dixter kx disinfettante per vasca idromassaggio,#0000FF,#ffffff,bold,uppercase,horizontal,https://images.unsplash.com/photo-1723712286025-1eb6a851420a?w=500&auto=format&fit=crop&q=60&ixlib=rb-4.0.3&ixid=M3wxMjA3fDB8MHx0b3BpYy1mZWVkfDQzOHw2c01WalRMU2tlUXx8ZW58MHx8fHx8,britannic_078.jpg
79,britannic79,Italy,Venezia,via Orlanda,"45°29'57.6""N","12°19'14.3""E",https://www.google.com/maps/embed?pb=!1m0!3m2!1sen!2sit!4v1475249161181!6m8!1m7!1sPY_cmFG5CsfH81J02YLu4A!2m2!1d45.49953263490377!2d12.32050570097649!3f140.90694973667087!4f1.5220182326415852!5f0.7820865974627469,45.499333,12.320639,Venice Park Service,#000000,#ffffff,bold,uppercase,horizontal,https://images.unsplash.com/photo-1723576016880-6d388559351a?w=500&auto=format&fit=crop&q=60&ixlib=rb-4.0.3&ixid=M3wxMjA3fDB8MHx0b3BpYy1mZWVkfDQ0MHw2c01WalRMU2tlUXx8ZW58MHx8fHx8,britannic_079.jpg
80,britannic80,Turkey,Köyceğiz,Fevzi Paşa Caddesi,"36° 57' 31.992"" N","28° 41' 22.392"" E",,36.958887,28.689553,Future,#000000,#ffffff,bold,smallcaps,horizontal,https://images.unsplash.com/photo-1723645579079-58a107f1d852?w=500&auto=format&fit=crop&q=60&ixlib=rb-4.0.3&ixid=M3wxMjA3fDB8MHx0b3BpYy1mZWVkfDQ1NXw2c01WalRMU2tlUXx8ZW58MHx8fHx8,britannic_080.jpg
81,britannic81,Turkey,Ortaca,Gökbel Köyü,"36° 46' 46.878"" N","28° 39' 31.872"" E",,36.779688,28.658853,Alev gözleme %100,#ffffff,#FF0000,ultra,uppercase,vertical,https://images.unsplash.com/photo-1723531449515-af7c14403de3?w=500&auto=format&fit=crop&q=60&ixlib=rb-4.0.3&ixid=M3wxMjA3fDB8MHx0b3BpYy1mZWVkfDQ4MHw2c01WalRMU2tlUXx8ZW58MHx8fHx8,britannic_081.jpg
82,britannic82,Turkey,Dalyan,Sulungur Caddesi,"36° 49' 54.198"" N","28° 38' 45.318"" E",,36.831722,28.645922,Eser apart,#ffffff,#0000FF,ultra,uppercase,vertical,https://images.unsplash.com/photo-1723328237480-03a9bfcf1638?w=500&auto=format&fit=crop&q=60&ixlib=rb-4.0.3&ixid=M3wxMjA3fDB8MHx0b3BpYy1mZWVkfDQ4Mnw2c01WalRMU2tlUXx8ZW58MHx8fHx8,britannic_082.jpg
83,britannic83,Italy,Foiano della Chiana,via Solferino,"43° 15' 13.68"" N","11° 48' 59.358"" E",https://www.google.com/maps/embed?pb=!1m0!3m2!1sen!2sit!4v1476968446374!6m8!1m7!1s1AobLmgnkJ1QV6u4Y8xBHQ!2m2!1d43.25374249986221!2d11.816422821858!3f64.35601009019894!4f-4.01021418376007!5f0.7820865974627469,43.2538,11.816488,Riparo.it,,,,,,https://images.unsplash.com/photo-1457542553555-6331c3c0855f?w=500&auto=format&fit=crop&q=60&ixlib=rb-4.0.3&ixid=M3wxMjA3fDB8MHx0b3BpYy1mZWVkfDQ5M3w2c01WalRMU2tlUXx8ZW58MHx8fHx8,britannic_083.jpg
84,britannic84,Italy,Milano,via Crespi,"45° 29' 35.712"" N","9° 13' 10.698"" E",https://www.google.com/maps/embed?pb=!1m0!3m2!1sen!2sit!4v1477233705240!6m8!1m7!1s5dFIJ0mNC1d2iOTdoAM-HQ!2m2!1d45.49307619807278!2d9.219522402809389!3f137.53242650050217!4f1.909477928645373!5f0.7820865974627469,45.493253,9.219638,Mini Market Prodotti alimentari e bibite fresche,#ffffff,#FF0000,bold,uppercase,horizontal,https://images.unsplash.com/photo-1721297013582-8735f45b6a8b?w=500&auto=format&fit=crop&q=60&ixlib=rb-4.0.3&ixid=M3wxMjA3fDB8MHx0b3BpYy1mZWVkfDUxMHw2c01WalRMU2tlUXx8ZW58MHx8fHx8,britannic_084.jpg
85,britannic85,Italy,Santa Maria La Palma,via Arzachena,"40° 39' 46.038"" N","8° 16' 17.322"" E",,40.662788,8.271478,Formaggi,#808080,,ultra,uppercase,horizontal,https://images.unsplash.com/photo-1723184935115-79e5d4e3791d?w=500&auto=format&fit=crop&q=60&ixlib=rb-4.0.3&ixid=M3wxMjA3fDB8MHx0b3BpYy1mZWVkfDUzOHw2c01WalRMU2tlUXx8ZW58MHx8fHx8,britannic_085.jpg
86,britannic86,Italy,Milano,via Lomazzo,"45° 28' 53.778"" N","9° 10' 21.882"" E",https://www.google.com/maps/embed?pb=!1m0!3m2!1sen!2sit!4v1478683682671!6m8!1m7!1s3_nBt47EqTX94WEPz9K85g!2m2!1d45.48159596708007!2d9.172672371448698!3f78.52092685953696!4f0.9759211638434522!5f0.7820865974627469,45.481605,9.172745,Suonare,#000000,#ffffff,bold,uppercase,horizontal,https://images.unsplash.com/photo-1723011032825-4980449e6ed2?w=500&auto=format&fit=crop&q=60&ixlib=rb-4.0.3&ixid=M3wxMjA3fDB8MHx0b3BpYy1mZWVkfDU2Nnw2c01WalRMU2tlUXx8ZW58MHx8fHx8,britannic_086.jpg
87,britannic87,Italy,Milano,via Canonica,"45° 28' 46.908"" N","9° 10' 22.218"" E",,45.479697,9.172838,Prendi 3 paghi 2,#871928,#ffffff,bold,uppercase,horizontal,https://images.unsplash.com/photo-1690973691921-2f472ec2841a?w=500&auto=format&fit=crop&q=60&ixlib=rb-4.0.3&ixid=M3wxMjA3fDB8MHx0b3BpYy1mZWVkfDYwN3w2c01WalRMU2tlUXx8ZW58MHx8fHx8,britannic_087.jpg
88,britannic88,Uk,London,Neal's Yard,"51° 30' 51.648"" N","0° 7' 35.01"" W",https://www.google.com/maps/embed?pb=!1m0!3m2!1sen!2sit!4v1479632973131!6m8!1m7!1sF%3A-GSzNGpuises%2FVeSX7oU-h0I%2FAAAAAAAAA0k%2FIa-49rINTiUAE0ru031hOaTwzb6kukpPgCJkC!2m2!1d51.5144846!2d-0.1263365!3f219.01832035194883!4f0.15005534152125222!5f0.6553728985519748,51.514347,-0.126392,Casanova,#ffffff,#000000,ultra,uppercase,horizontal,https://images.unsplash.com/photo-1726059968922-0396248fdaea?q=80&w=1740&auto=format&fit=crop&ixlib=rb-4.0.3&ixid=M3wxMjA3fDB8MHxwaG90by1wYWdlfHx8fGVufDB8fHx8fA%3D%3D,britannic_088.jpg
89,britannic89,Uk,London,Borough High Street,"51° 30' 2.58"" N","0° 5' 38.49"" W",,51.500717,-0.094025,12 nuggets meal £6.99 12 stripes meal £6.99 Double filled burger meal + two wings £6.99 Mountain burger meal + five wings £6.99,#000000,#ffffff,ultra,smallcaps,vertical,https://images.unsplash.com/photo-1725652800358-ae3a752cfb68?w=500&auto=format&fit=crop&q=60&ixlib=rb-4.0.3&ixid=M3wxMjA3fDB8MHxmZWF0dXJlZC1waG90b3MtZmVlZHwxMnx8fGVufDB8fHx8fA%3D%3D,britannic_089.jpg
90,britannic90,Italy,Catania,via Gagliani,"37° 30' 7.44"" N","15° 5' 4.038"" E",https://www.google.com/maps/embed?pb=!1m0!3m2!1sen!2sit!4v1484138049415!6m8!1m7!1sw2ZRdntm_3R6SWxD6paKWA!2m2!1d37.50198964979227!2d15.0844331956128!3f265.8053489658216!4f1.1217048891145112!5f0.4000000000000002,37.502067,15.084455,Baitunnurr Jame Moschea via Gagliani - 7 - catania,#871928,#ffffff,ultra,uppercase,horizontal,https://plus.unsplash.com/premium_photo-1725588379392-7a56d6eff9ab?w=500&auto=format&fit=crop&q=60&ixlib=rb-4.0.3&ixid=M3wxMjA3fDB8MHxmZWF0dXJlZC1waG90b3MtZmVlZHwxOXx8fGVufDB8fHx8fA%3D%3D,britannic_090.jpg
91,britannic91,Italy,Siracusa,viale Teocrito,"37° 4' 31.878"" N","15° 16' 55.818"" E",https://www.google.com/maps/embed?pb=!1m0!3m2!1sen!2sit!4v1484138284680!6m8!1m7!1scHlHPnwANvTaD6WUv_7woA!2m2!1d37.07551330791198!2d15.28215778034664!3f228.04630841357317!4f3.3724821656824986!5f1.1924812503605782,37.075522,15.282172,Gruppo Immobiliare Casa,#ffffff,#FF0000,ultra,smallcaps,horizontal,https://images.unsplash.com/photo-1720802616209-c174c23f6565?w=500&auto=format&fit=crop&q=60&ixlib=rb-4.0.3&ixid=M3wxMjA3fDB8MHxmZWF0dXJlZC1waG90b3MtZmVlZHwzMHx8fGVufDB8fHx8fA%3D%3D,britannic_091.jpg
92,britannic92,Italy,Ragusa,corso Vittorio Veneto,"36° 55' 30.45"" N","14° 43' 44.838"" E",https://www.google.com/maps/embed?pb=!1m0!3m2!1sen!2sit!4v1484138459493!6m8!1m7!1sAIZtfkZM3eF2LUIWliZeug!2m2!1d36.92512850608415!2d14.72914452592863!3f156.57808573495487!4f-4.183192498172616!5f0.7820865974627469,36.925125,14.729122,Bibite fresche all'interno,#000000,#ffffff,bold,uppercase,vertical,https://images.unsplash.com/photo-1726041453467-5fa7dce0251d?w=500&auto=format&fit=crop&q=60&ixlib=rb-4.0.3&ixid=M3wxMjA3fDB8MHxmZWF0dXJlZC1waG90b3MtZmVlZHw1Mnx8fGVufDB8fHx8fA%3D%3D,britannic_092.jpg
93,britannic93,Italy,Bologna,via Sant'Isaia,"44° 29' 37.932"" N","11° 19' 57.12"" E",https://www.google.com/maps/embed?pb=!1m0!3m2!1sen!2sit!4v1484138608680!6m8!1m7!1s1Ccwq5-QBoqN5Gz2N1_1rA!2m2!1d44.49395466167395!2d11.33244920513164!3f183.62467372308012!4f0.0022406696020453865!5f0.7820865974627469,44.49387,11.332533,Easy bar,#000000,#ffffff,ultra,smallcaps,horizontal,https://images.unsplash.com/photo-1726056652663-8f1e42b2fc95?w=500&auto=format&fit=crop&q=60&ixlib=rb-4.0.3&ixid=M3wxMjA3fDB8MHxmZWF0dXJlZC1waG90b3MtZmVlZHw1OHx8fGVufDB8fHx8fA%3D%3D,britannic_093.jpg
94,britannic94,Italy,Bologna,via Mascarella,"44° 29' 53.7"" N","11° 20' 57.6"" E",https://www.google.com/maps/embed?pb=!1m0!3m2!1sen!2sit!4v1485512133723!6m8!1m7!1sIsoskNGwUv3SwRxGTH9D0A!2m2!1d44.49813028071571!2d11.34925577961693!3f257.16722081334615!4f-3.5296396054109067!5f0.4000000000000002,44.49825,11.349333,Live is better!,#0000FF,#0000FF,ultra,smallcaps,vertical,https://images.unsplash.com/photo-1674407729043-c21b71fded37?w=500&auto=format&fit=crop&q=60&ixlib=rb-4.0.3&ixid=M3wxMjA3fDB8MHx0b3BpYy1mZWVkfDYwfDZzTVZqVExTa2VRfHxlbnwwfHx8fHw%3D,britannic_094.jpg
95,britannic95,Italy,Napoli,"Vico San Domenico Maggiore,","40° 50' 57.48"" N","14° 14' 43.428"" E",https://www.google.com/maps/embed?pb=!1m0!3m2!1sen!2sit!4v1487067110549!6m8!1m7!1sR2RlLWi38OWyNiZqlfU-qA!2m2!1d40.84936628986546!2d14.25429939843602!3f229.84082989153143!4f-10.270500328583864!5f0.4000000000000002,40.849006,14.254547,Panchina sosta mariti,#000000,#ffffff,bold,uppercase,horizontal,https://images.unsplash.com/photo-1725489891089-5960671a3433?w=500&auto=format&fit=crop&q=60&ixlib=rb-4.0.3&ixid=M3wxMjA3fDB8MHx0b3BpYy1mZWVkfDk4fDZzTVZqVExTa2VRfHxlbnwwfHx8fHw%3D,britannic_095.jpg
96,britannic96,Italy,Napoli,via dei Tribunali,"40° 51' 0.708"" N","14° 15' 21.588"" E",https://www.google.com/maps/embed?pb=!1m0!3m2!1sen!2sit!4v1487065569417!6m8!1m7!1sQdLwEu6dCseo3S0onb1sbg!2m2!1d40.85050177802112!2d14.25576073663908!3f152.4976541106297!4f-0.5133595475620893!5f0.4000000000000002,40.850496,14.255828,Mons. Sirico Pasquale,#000000,#ffffff,condensed,uppercase,horizontal,https://images.unsplash.com/photo-1725476479171-4728f92dfa9c?w=500&auto=format&fit=crop&q=60&ixlib=rb-4.0.3&ixid=M3wxMjA3fDB8MHx0b3BpYy1mZWVkfDEwNHw2c01WalRMU2tlUXx8ZW58MHx8fHx8,britannic_096.jpg
97,britannic97,Italy,Napoli,via dei Tribunali,"40° 51' 5.652"" N","14° 15' 32.658"" E",https://www.google.com/maps/embed?pb=!1m0!3m2!1sen!2sit!4v1487065883149!6m8!1m7!1sDd6nC9h7ldSnr2LEaBr-xA!2m2!1d40.85159548917906!2d14.25904295066167!3f337.17222966539305!4f-1.0344451357222937!5f0.4000000000000002,40.85157,14.259072,Pizza senza glutine,#FF0000,#ffffff,ultra,uppercase,vertical,https://images.unsplash.com/photo-1682686580036-b5e25932ce9a?w=500&auto=format&fit=crop&q=60&ixlib=rb-4.0.3&ixid=M3wxMjA3fDB8MHx0b3BpYy1mZWVkfDEzNnw2c01WalRMU2tlUXx8ZW58MHx8fHx8,britannic_097.jpg
98,britannic98,Italy,Napoli,via dei Tribunali,"40° 51' 8.43"" N","14° 15' 41.34"" E",https://www.google.com/maps/embed?pb=!1m0!3m2!1sen!2sit!4v1487066269241!6m8!1m7!1s8ScMbInTGh9W6FdSTZqDSQ!2m2!1d40.8523510717675!2d14.26138452447469!3f22.701955355192734!4f-5.362655488874509!5f0.4000000000000002,40.852342,14.261483,Nuova gestione,#FF0000,#ffffff,ultra,uppercase,horizontal,https://images.unsplash.com/photo-1725294692057-12a381e1f6fd?w=500&auto=format&fit=crop&q=60&ixlib=rb-4.0.3&ixid=M3wxMjA3fDB8MHx0b3BpYy1mZWVkfDE0OXw2c01WalRMU2tlUXx8ZW58MHx8fHx8,britannic_098.jpg
99,britannic99,Italy,Napoli,via S.Teresa degli Scalzi,"40° 51' 20.172"" N","14° 14' 55.14"" E",https://www.google.com/maps/embed?pb=!1m0!3m2!1sen!2sit!4v1487066414474!6m8!1m7!1s-tOdtv-vTx0t4NCec9bOVA!2m2!1d40.85548303112636!2d14.24846737986303!3f287.22133017569723!4f-4.4352741534213465!5f2.08937158899882,40.855603,14.24865,Raccolta Olio alimentare usato e di frittura,#000000,#ffffff,bold,smallcaps,vertical,https://images.unsplash.com/photo-1723941839547-1e3e7d168173?w=500&auto=format&fit=crop&q=60&ixlib=rb-4.0.3&ixid=M3wxMjA3fDB8MHx0b3BpYy1mZWVkfDE2OXw2c01WalRMU2tlUXx8ZW58MHx8fHx8,britannic_099.jpg
100,britannic100,Italy,Napoli,via Toledo,"40° 50' 20.328"" N","14° 16' 1.77"" E",,40.83898,14.267158,Ronco del Gelso,#EFBF04,#871928,bold,uppercase,w other,https://images.unsplash.com/photo-1496706855297-b6e1fe527339?w=500&auto=format&fit=crop&q=60&ixlib=rb-4.0.3&ixid=M3wxMjA3fDB8MHx0b3BpYy1mZWVkfDIzOHw2c01WalRMU2tlUXx8ZW58MHx8fHx8,britannic_100.jpg
101,britannic101,Italy,Napoli,Vico Miracoli,"40° 51' 34.422"" N","14° 15' 26.388"" E",https://www.google.com/maps/embed?pb=!1m0!3m2!1sen!2sit!4v1487067485197!6m8!1m7!1s83Tt6lFmcsAMtaNUULWA4A!2m2!1d40.85955654064939!2d14.25724252485702!3f32.60791212209268!4f-7.404104182520257!5f0.7820865974627469,40.859562,14.25733,Rita Bracale,#000000,#ffffff,bold,uppercase,horizontal,https://images.unsplash.com/photo-1724508772090-020b21b14da6?w=500&auto=format&fit=crop&q=60&ixlib=rb-4.0.3&ixid=M3wxMjA3fDB8MHx0b3BpYy1mZWVkfDI3MXw2c01WalRMU2tlUXx8ZW58MHx8fHx8,britannic_101.jpg
102,britannic102,Georgia,Rustavi,Jandara 12th km,"41° 26' 56.652"" N","45° 22' 34.08"" E",https://www.google.com/maps/embed?pb=!1m0!3m2!1sen!2sit!4v1493370937892!6m8!1m7!1sF%3A-udRUNTuAPW8%2FWOsfB7JmoFI%2FAAAAAAAAU48%2F8GQGJ_qfDyMIkkd0t2L2iSy6bzfaNIJzwCLIB!2m2!1d41.4485146!2d45.3760792!3f12.7879622384349!4f0.9789889635911919!5f0.7820865974627469,41.449056,45.376139,www.travelcaucasus.com,#FFA500,,ultra,smallcaps,w other,https://images.unsplash.com/photo-1724597233378-249fd99848b0?w=500&auto=format&fit=crop&q=60&ixlib=rb-4.0.3&ixid=M3wxMjA3fDB8MHx0b3BpYy1mZWVkfDMzM3w2c01WalRMU2tlUXx8ZW58MHx8fHx8,britannic_102.jpg
103,britannic103,Georgia,Tbilisi,Merab Kostava St,"41° 42' 18.03"" N","44° 47' 21.75"" E",,41.705008,44.789375,Big Sale,#000000,#FF0000,bold,uppercase,horizontal,https://images.unsplash.com/photo-1723920449193-cba2f39a4d0c?w=500&auto=format&fit=crop&q=60&ixlib=rb-4.0.3&ixid=M3wxMjA3fDB8MHx0b3BpYy1mZWVkfDM1NXw2c01WalRMU2tlUXx8ZW58MHx8fHx8,britannic_103.jpg
104,britannic104,Japan,Kanazawa,Kenrokumachi,"36° 33' 54.342"" N ","136° 39' 46.56"" E",https://www.google.com/maps/embed?pb=!1m0!3m2!1sen!2sit!4v1493373486087!6m8!1m7!1siHN2zEz3scu8TWFQbNbSkA!2m2!1d36.56517263782414!2d136.6628856018492!3f131.23670458008428!4f2.4185113066785817!5f0.7820865974627469,36.565095,136.662933,Portable Ashtray MedicineCase,#000000,#ffffff,bold,smallcaps,horizontal,https://images.unsplash.com/photo-1660678519362-2099db408451?w=500&auto=format&fit=crop&q=60&ixlib=rb-4.0.3&ixid=M3wxMjA3fDB8MHx0b3BpYy1mZWVkfDM5OXw2c01WalRMU2tlUXx8ZW58MHx8fHx8,britannic_104.jpg
105,britannic105,Japan,Kyoto,Omiya Dori,"34° 58' 43.218"" N","135° 44' 56.982"" E",https://www.google.com/maps/embed?pb=!1m0!3m2!1sen!2sit!4v1493374003809!6m8!1m7!1sqda-jsSb8ErtZw2P0OvPHw!2m2!1d34.97861277825699!2d135.7491875741608!3f116.32493652338616!4f-6.617456452396993!5f1.9587109090973311,34.978672,135.749162,Leap Kyoto,#FFA500,,ultra,smallcaps,horizontal,https://images.unsplash.com/photo-1722846324724-2cb3f396358c?w=500&auto=format&fit=crop&q=60&ixlib=rb-4.0.3&ixid=M3wxMjA3fDB8MHx0b3BpYy1mZWVkfDQwOXw2c01WalRMU2tlUXx8ZW58MHx8fHx8,britannic_105.jpg
106,britannic106,Japan,Osaka,1 Chome,"34° 40' 49.248"" N","135° 30' 24.768"" E",https://www.google.com/maps/embed?pb=!1m0!3m2!1sen!2sit!4v1493374143861!6m8!1m7!1sG8HiRUwaMYuSatF9wPODFA!2m2!1d34.68068567650651!2d135.5066223493006!3f3.7513917612356624!4f-0.11234103096221304!5f0.7820865974627469,34.680347,135.50688,Thai Festival 2017 in Osaka,#0000FF,#ffffff,bold,uppercase,vertical,https://images.unsplash.com/photo-1723845629153-7e0d0a5e44c3?w=500&auto=format&fit=crop&q=60&ixlib=rb-4.0.3&ixid=M3wxMjA3fDB8MHx0b3BpYy1mZWVkfDQyNXw2c01WalRMU2tlUXx8ZW58MHx8fHx8,britannic_106.jpg
107,britannic107,Japan,Tokyo,Narita Airport Terminal 1,"35° 45' 53.922"" N","140° 23' 11.532"" E",,35.764978,140.386537,Where do I show this pass? Do I need to reserve a seat? Where can I make a seat reservation? Can I use it on the subway? What should I do if I lost the Pass?,#034ea2,#ffffff,ultra,smallcaps,horizontal,https://images.unsplash.com/photo-1723712286025-1eb6a851420a?w=500&auto=format&fit=crop&q=60&ixlib=rb-4.0.3&ixid=M3wxMjA3fDB8MHx0b3BpYy1mZWVkfDQzOHw2c01WalRMU2tlUXx8ZW58MHx8fHx8,britannic_107.jpg
108,britannic108,Japan,Kanazawa,920-0961 Ishikawa-ken,"36° 33' 44.592"" N","136° 39' 13.332"" E",,36.562387,136.653703,Tax Free,#FF0000,#ffffff,ultra,uppercase,horizontal,https://images.unsplash.com/photo-1723576016880-6d388559351a?w=500&auto=format&fit=crop&q=60&ixlib=rb-4.0.3&ixid=M3wxMjA3fDB8MHx0b3BpYy1mZWVkfDQ0MHw2c01WalRMU2tlUXx8ZW58MHx8fHx8,britannic_108.jpg
109,britannic109,Japan,Kanazawa,"Ishikawa-ken, Kanazawa-shi","36° 33' 54.21"" N","136° 39' 48.648"" E",,36.565058,136.663513,Ginger Shoyu,olive,#FFDE21,bold,smallcaps,horizontal,https://images.unsplash.com/photo-1723645579079-58a107f1d852?w=500&auto=format&fit=crop&q=60&ixlib=rb-4.0.3&ixid=M3wxMjA3fDB8MHx0b3BpYy1mZWVkfDQ1NXw2c01WalRMU2tlUXx8ZW58MHx8fHx8,britannic_109.jpg
110,britannic110,Japan,Tokyo,"150-0002 Tōkyō-to, Shibuya-ku","35° 39' 42.882"" N","139° 41' 52.572"" E",,35.661912,139.697937,Guard cat on duty,#000000,#ffffff,bold,uppercase,horizontal,https://images.unsplash.com/photo-1723531449515-af7c14403de3?w=500&auto=format&fit=crop&q=60&ixlib=rb-4.0.3&ixid=M3wxMjA3fDB8MHx0b3BpYy1mZWVkfDQ4MHw2c01WalRMU2tlUXx8ZW58MHx8fHx8,britannic_110.jpg
111,britannic111,Japan,Tokyo,"150-0002 Tōkyō-to, Shibuya-ku","35° 39' 42.882"" N","139° 41' 52.572"" E",,35.661912,139.697937,B-side label,#FF0000,#ffffff,regular,uppercase,vertical,https://images.unsplash.com/photo-1723328237480-03a9bfcf1638?w=500&auto=format&fit=crop&q=60&ixlib=rb-4.0.3&ixid=M3wxMjA3fDB8MHx0b3BpYy1mZWVkfDQ4Mnw2c01WalRMU2tlUXx8ZW58MHx8fHx8,britannic_111.jpg
112,britannic112,Italy,Segrate,via Morandi,"45° 29' 9.678"" N","9° 17' 56.16"" E",https://www.google.com/maps/embed?pb=!1m0!3m2!1sen!2sit!4v1495474898086!6m8!1m7!1s0sWJQVtRyU8zi3d9YFx0Aw!2m2!1d45.48598161296517!2d9.298946725483262!3f330.6055312757916!4f3.2938753727031695!5f0.7820865974627469,45.486022,9.298933,Tehran,#0000FF,#FFA500,bold,uppercase,vertical,https://images.unsplash.com/photo-1457542553555-6331c3c0855f?w=500&auto=format&fit=crop&q=60&ixlib=rb-4.0.3&ixid=M3wxMjA3fDB8MHx0b3BpYy1mZWVkfDQ5M3w2c01WalRMU2tlUXx8ZW58MHx8fHx8,britannic_112.jpg
113,britannic113,Italy,Milano,via Lomellina,"45° 27' 49.398"" N","9° 13' 51.102"" E",,45.463722,9.230862,saldi,#000000,#ffffff,ultra,smallcaps,horizontal,https://images.unsplash.com/photo-1721297013582-8735f45b6a8b?w=500&auto=format&fit=crop&q=60&ixlib=rb-4.0.3&ixid=M3wxMjA3fDB8MHx0b3BpYy1mZWVkfDUxMHw2c01WalRMU2tlUXx8ZW58MHx8fHx8,britannic_113.jpg
114,britannic114,Italy,Milano,via della Posta,"45° 27' 52.128"" N","9° 10' 59.898"" E",https://www.google.com/maps/embed?pb=!1m0!3m2!1sen!2sit!4v1495475764078!6m8!1m7!1sOc9m05CkDO9x9OCltX0EfQ!2m2!1d45.46428697318523!2d9.183024344852754!3f229.9611542542891!4f-4.299017912154866!5f0.7820865974627469,45.46448,9.183305,Viky bar,#ffffff,#0000FF,bold,uppercase,horizontal,https://images.unsplash.com/photo-1723184935115-79e5d4e3791d?w=500&auto=format&fit=crop&q=60&ixlib=rb-4.0.3&ixid=M3wxMjA3fDB8MHx0b3BpYy1mZWVkfDUzOHw2c01WalRMU2tlUXx8ZW58MHx8fHx8,britannic_114.jpg
115,britannic115,Italy,Perugia,piazza del circo,"43° 6' 25.77"" N","12° 23' 15.978"" E",,43.107158,12.387772,MAP,,,,,,https://images.unsplash.com/photo-1723011032825-4980449e6ed2?w=500&auto=format&fit=crop&q=60&ixlib=rb-4.0.3&ixid=M3wxMjA3fDB8MHx0b3BpYy1mZWVkfDU2Nnw2c01WalRMU2tlUXx8ZW58MHx8fHx8,britannic_115.jpg
116,britannic116,Turkey,Ankara,Ataturk Blv,"39° 53' 58.44"" N","32° 51' 37.92"" E",,39.899567,32.860533,Brilliant Colors,,,,,,https://images.unsplash.com/photo-1690973691921-2f472ec2841a?w=500&auto=format&fit=crop&q=60&ixlib=rb-4.0.3&ixid=M3wxMjA3fDB8MHx0b3BpYy1mZWVkfDYwN3w2c01WalRMU2tlUXx8ZW58MHx8fHx8,britannic_116.jpg
117,britannic117,Italy,Milano,via Orobia,"45° 26' 36.258"" N","9° 12' 16.938"" E",,45.443405,9.204705,Ball in - Game over,,,,,,https://images.unsplash.com/photo-1726059968922-0396248fdaea?q=80&w=1740&auto=format&fit=crop&ixlib=rb-4.0.3&ixid=M3wxMjA3fDB8MHxwaG90by1wYWdlfHx8fGVufDB8fHx8fA%3D%3D,britannic_117.jpg
118,britannic118,Italy,Quarto d'Altino,via Roma,45° 34' 54.3612'' N,12° 21' 56.1096'' E,,45.581767,12.365586,Aperto tutti i giorni 7:00 - 12:30 fino al 31 agosto,,,,,,https://images.unsplash.com/photo-1725652800358-ae3a752cfb68?w=500&auto=format&fit=crop&q=60&ixlib=rb-4.0.3&ixid=M3wxMjA3fDB8MHxmZWF0dXJlZC1waG90b3MtZmVlZHwxMnx8fGVufDB8fHx8fA%3D%3D,britannic_118.jpg
119,britannic119,Italy,Milano,via Maiocchi,"45° 28' 32.442"" N","9° 12' 51.18"" E",,45.475678,9.214217,Tintoria,,,,,,https://plus.unsplash.com/premium_photo-1725588379392-7a56d6eff9ab?w=500&auto=format&fit=crop&q=60&ixlib=rb-4.0.3&ixid=M3wxMjA3fDB8MHxmZWF0dXJlZC1waG90b3MtZmVlZHwxOXx8fGVufDB8fHx8fA%3D%3D,britannic_119.jpg
120,britannic120,Italy,Milano,viale Cassiodoro,"45° 28' 24.192"" N","9° 9' 30.192"" E",,45.473387,9.158387,Libero,,,,,,https://images.unsplash.com/photo-1720802616209-c174c23f6565?w=500&auto=format&fit=crop&q=60&ixlib=rb-4.0.3&ixid=M3wxMjA3fDB8MHxmZWF0dXJlZC1waG90b3MtZmVlZHwzMHx8fGVufDB8fHx8fA%3D%3D,britannic_120.jpg
121,britannic121,Italy,Milano,viale Marche,"45° 29' 47.862"" N","9° 11' 26.388"" E",,45.496628,9.190663,Per la prima volta in italiano - orchestra dal vivo,,,,,,https://images.unsplash.com/photo-1726041453467-5fa7dce0251d?w=500&auto=format&fit=crop&q=60&ixlib=rb-4.0.3&ixid=M3wxMjA3fDB8MHxmZWF0dXJlZC1waG90b3MtZmVlZHw1Mnx8fGVufDB8fHx8fA%3D%3D,britannic_121.jpg
122,britannic122,USA,San Francisco,614 Grant Ave,37° 47' 35.124'' N,122° 24' 21.8808'' W,https://www.google.com/maps/embed?pb=!1m0!3m2!1sen!2sit!4v1496137365198!6m8!1m7!1s5AyNuDDb8cgiVjdT6avTUQ!2m2!1d37.79290349531986!2d-122.4060549136763!3f16.03922777253215!4f0.5168379640726783!5f0.7820865974627469,37.79309,-122.406078,Canton,#ffffff,#FF0000,ultra,uppercase,vertical,https://images.unsplash.com/photo-1726056652663-8f1e42b2fc95?w=500&auto=format&fit=crop&q=60&ixlib=rb-4.0.3&ixid=M3wxMjA3fDB8MHxmZWF0dXJlZC1waG90b3MtZmVlZHw1OHx8fGVufDB8fHx8fA%3D%3D,britannic_122.jpg
123,britannic123,Denmark,Copenhagen,,55° 41' 18.4668'' N,12° 33' 32.9148'' E,https://www.google.com/maps/embed?pb=!1m0!4v1510574071546!6m8!1m7!1sTFSm0h6a30P0esbI41Z2AQ!2m2!1d55.68843199095084!2d12.55916449598652!3f236.0207671135861!4f-2.1589292489788505!5f0.4000000000000002</iframe>,55.688463,12.559143,La centrale,#FF0000,#000000,bold,uppercase,horizontal,https://images.unsplash.com/photo-1674407729043-c21b71fded37?w=500&auto=format&fit=crop&q=60&ixlib=rb-4.0.3&ixid=M3wxMjA3fDB8MHx0b3BpYy1mZWVkfDYwfDZzTVZqVExTa2VRfHxlbnwwfHx8fHw%3D,britannic_123.jpg
124,britannic124,Italy,Rimini,via dei Mille ,"44° 3' 51.762"" N","12° 34' 7.722"" E",https://www.google.com/maps/embed?pb=!1m0!4v1499353893221!6m8!1m7!1sCj7GjQQMVEFEn8y-yPbw-g!2m2!1d44.064392084485!2d12.56890643301722!3f224.81287182651945!4f-6.596232012660195!5f1.9587109090973311,44.064378,12.568812,Ruggeri Bici,#000000,#FFDE21,bold,uppercase,horizontal,https://images.unsplash.com/photo-1725489891089-5960671a3433?w=500&auto=format&fit=crop&q=60&ixlib=rb-4.0.3&ixid=M3wxMjA3fDB8MHx0b3BpYy1mZWVkfDk4fDZzTVZqVExTa2VRfHxlbnwwfHx8fHw%3D,britannic_124.jpg
125,britannic125,France,Parigi,354 Rue de Vaugirard,48° 50' 8.9988'' N,2° 17' 36.618'' E,https://www.google.com/maps/embed?pb=!1m0!4v1504856780164!6m8!1m7!1sATeCLja8SMBRMTnk0LZcPg!2m2!1d48.83580800542916!2d2.293388482016979!3f285.87189671384124!4f0.9734783197651922!5f0.7820865974627469,48.835833,2.293505,Pizzeria Villa Positano Trattoria,cream,#0000FF,bold,uppercase,horizontal,https://images.unsplash.com/photo-1725476479171-4728f92dfa9c?w=500&auto=format&fit=crop&q=60&ixlib=rb-4.0.3&ixid=M3wxMjA3fDB8MHx0b3BpYy1mZWVkfDEwNHw2c01WalRMU2tlUXx8ZW58MHx8fHx8,britannic_125.jpg
126,britannic126,Japan,Tokyo,5 Chome-46-20 Jingūmae,35° 39' 49.3452'' N,139° 42' 27.6084'' E,https://www.google.com/maps/embed?pb=!1m0!4v1506927727956!6m8!1m7!1sZXUTQx9TXxNKt35K8elE0Q!2m2!1d35.66378498980983!2d139.7077222581132!3f125.11365673697202!4f0.3573202845771277!5f0.4000000000000002,35.663707,139.707669,International Yoga Center,#000000,#cba799,bold,uppercase,vertical,https://images.unsplash.com/photo-1682686580036-b5e25932ce9a?w=500&auto=format&fit=crop&q=60&ixlib=rb-4.0.3&ixid=M3wxMjA3fDB8MHx0b3BpYy1mZWVkfDEzNnw2c01WalRMU2tlUXx8ZW58MHx8fHx8,britannic_126.jpg
127,britannic127,France,Parigi,Rue Coquillière 6,48° 51' 48.4956'' N,2° 20' 37.7556'' E,https://www.google.com/maps/embed?pb=!1m0!4v1510334427157!6m8!1m7!1spIKRniSLtfVR1yY5FiNA6g!2m2!1d48.863389036468!2d2.343660725642081!3f23.35065199033676!4f0.6648252469302065!5f0.7820865974627469,48.863471,2.343821,Au pied de cochon,#FF0000,,ultra,uppercase,horizontal,https://images.unsplash.com/photo-1725294692057-12a381e1f6fd?w=500&auto=format&fit=crop&q=60&ixlib=rb-4.0.3&ixid=M3wxMjA3fDB8MHx0b3BpYy1mZWVkfDE0OXw2c01WalRMU2tlUXx8ZW58MHx8fHx8,britannic_127.jpg
128,britannic128,Italy,Milano,via Jacopino da Tradate,"45° 29' 49.842"" N","9° 8' 56,81"" E",https://www.google.com/maps/embed?pb=!1m0!4v1510578170422!6m8!1m7!1sveLGNU3YvSw1y_JD7pYPhg!2m2!1d45.49710658718502!2d9.149097912140945!3f201.41737442747714!4f-1.5922021677288!5f1.5143489587875143,45.497095,9.149112,Revisioni Auto,#000000,#ffffff,bold,uppercase,horizontal,https://images.unsplash.com/photo-1723941839547-1e3e7d168173?w=500&auto=format&fit=crop&q=60&ixlib=rb-4.0.3&ixid=M3wxMjA3fDB8MHx0b3BpYy1mZWVkfDE2OXw2c01WalRMU2tlUXx8ZW58MHx8fHx8,britannic_128.jpg
129,britannic129,Italy,Genova,Corso Sardegna,"44° 24' 28.65"" N","8° 57' 11.532"" E",https://www.google.com/maps/embed?pb=!1m0!4v1510578467697!6m8!1m7!1sB-VoUUSl5pM0un6PI81kfg!2m2!1d44.4079677193622!2d8.953353688080057!3f257.1525936458214!4f-4.585867964807804!5f1.9587109090973311,44.407951,8.953217,Specialità Genovesi,#FFDE21,green,ultra,uppercase,horizontal,https://images.unsplash.com/photo-1496706855297-b6e1fe527339?w=500&auto=format&fit=crop&q=60&ixlib=rb-4.0.3&ixid=M3wxMjA3fDB8MHx0b3BpYy1mZWVkfDIzOHw2c01WalRMU2tlUXx8ZW58MHx8fHx8,britannic_129.jpg
130,britannic130,Italy,Genova,Corso Sardegna,"44° 24' 29.34"" N","8° 57' 11.712"" E",https://www.google.com/maps/embed?pb=!1m0!4v1510578696010!6m8!1m7!1sB-VoUUSl5pM0un6PI81kfg!2m2!1d44.4079677193622!2d8.953353688080057!3f348.0148137670866!4f-2.1797015072195336!5f1.9587109090973311,44.408151,8.953254,Edilizia acrobatica,#FFDE21,#0000FF,bold,uppercase,horizontal,https://images.unsplash.com/photo-1724508772090-020b21b14da6?w=500&auto=format&fit=crop&q=60&ixlib=rb-4.0.3&ixid=M3wxMjA3fDB8MHx0b3BpYy1mZWVkfDI3MXw2c01WalRMU2tlUXx8ZW58MHx8fHx8,britannic_130.jpg
131,britannic131,Italy,Milano,,"45° 30' 13.02"" N","9° 13' 53.448"" E",,45.503616,9.231515,SMART,#ffffff,,ultra,uppercase,w other,https://images.unsplash.com/photo-1724597233378-249fd99848b0?w=500&auto=format&fit=crop&q=60&ixlib=rb-4.0.3&ixid=M3wxMjA3fDB8MHx0b3BpYy1mZWVkfDMzM3w2c01WalRMU2tlUXx8ZW58MHx8fHx8,britannic_131.jpg
132,britannic132,Japan,Osaka,1 Chome-9 Sennichimae,"34° 40' 2.202"" N","135° 30' 12.96"" E",https://www.google.com/maps/embed?pb=!1m0!4v1512940671548!6m8!1m7!1sCAoSLEFGMVFpcFBKWWR1T2gyVjN0MzZaX1Z1ckYyaGtPUVd1ZU5RR2JWNHJtSTdB!2m2!1d34.66727996502058!2d135.5037164497994!3f281.02756910906913!4f-0.2937559435039816!5f3.3130998017050106,34.667278,135.5036,YOSHIMI,#ffffff,,bold,uppercase,vertical,https://images.unsplash.com/photo-1723920449193-cba2f39a4d0c?w=500&auto=format&fit=crop&q=60&ixlib=rb-4.0.3&ixid=M3wxMjA3fDB8MHx0b3BpYy1mZWVkfDM1NXw2c01WalRMU2tlUXx8ZW58MHx8fHx8,britannic_132.jpg
133,britannic133,Italy,Napoli,via Pessina,"40° 51' 10.29"" N","14° 14' 59.298"" E",https://www.google.com/maps/embed?pb=!1m0!4v1512940868856!6m8!1m7!1s3Z8TF8FKWzYpHt1rHRHnJw!2m2!1d40.85297808934266!2d14.24966472444368!3f235.56991795180747!4f-3.352242476250481!5f1.9587109090973311,40.852858,14.249805,Pessina Caffè,silver,#808080,bold,uppercase,w other,https://images.unsplash.com/photo-1660678519362-2099db408451?w=500&auto=format&fit=crop&q=60&ixlib=rb-4.0.3&ixid=M3wxMjA3fDB8MHx0b3BpYy1mZWVkfDM5OXw2c01WalRMU2tlUXx8ZW58MHx8fHx8,britannic_133.jpg
134,britannic134,Italy,Milano,corso di Porta Ticinese,"45° 27' 34.272"" N","9° 10' 52.362"" E",https://www.google.com/maps/embed?pb=!1m0!4v1512941047639!6m8!1m7!1sY_jTLiVFt8kiCY7O_lMe7A!2m2!1d45.45952904754814!2d9.18123977650265!3f81.83255021545249!4f-0.11974332829906587!5f1.9587109090973311,45.45952,9.181212,TASSO!! !!ZERO,#ffffff,#0000FF,bold,uppercase,horizontal,https://images.unsplash.com/photo-1722846324724-2cb3f396358c?w=500&auto=format&fit=crop&q=60&ixlib=rb-4.0.3&ixid=M3wxMjA3fDB8MHx0b3BpYy1mZWVkfDQwOXw2c01WalRMU2tlUXx8ZW58MHx8fHx8,britannic_134.jpg
135,britannic135,Italy,Venice,Isola Nova del Tronchetto,"45° 25' 45.528"" N","12° 17' 34.62"" E",,45.442078,12.306694,NO BUS TICKETS NO TOURIST INFORMANTION,#000000,#ffffff,bold,uppercase,vertical,https://images.unsplash.com/photo-1723845629153-7e0d0a5e44c3?w=500&auto=format&fit=crop&q=60&ixlib=rb-4.0.3&ixid=M3wxMjA3fDB8MHx0b3BpYy1mZWVkfDQyNXw2c01WalRMU2tlUXx8ZW58MHx8fHx8,britannic_135.jpg
136,britannic136,Italy,Venice,Isola Nova del Tronchetto,"45° 25' 45.528"" N","12° 17' 34.62"" E",,45.442078,12.306694,393-5312145,#ffffff,#000000,bold,uppercase,horizontal,https://images.unsplash.com/photo-1723712286025-1eb6a851420a?w=500&auto=format&fit=crop&q=60&ixlib=rb-4.0.3&ixid=M3wxMjA3fDB8MHx0b3BpYy1mZWVkfDQzOHw2c01WalRMU2tlUXx8ZW58MHx8fHx8,britannic_136.jpg
137,britannic137,Italy,Milano,via Procaccini,"45° 28' 52.122"" N","9° 10' 0.258"" E",https://www.google.com/maps/embed?pb=!1m0!4v1512941586079!6m8!1m7!1sKFJbVPyF-eRXaZePqbeagg!2m2!1d45.48111942692127!2d9.16670120669366!3f131.62050660074297!4f-2.9077543072856713!5f3.325193203789971,45.481145,9.166738,Foto oggi,#000000,#ffffff,ultra,uppercase,horizontal,https://images.unsplash.com/photo-1723576016880-6d388559351a?w=500&auto=format&fit=crop&q=60&ixlib=rb-4.0.3&ixid=M3wxMjA3fDB8MHx0b3BpYy1mZWVkfDQ0MHw2c01WalRMU2tlUXx8ZW58MHx8fHx8,britannic_137.jpg
138,britannic138,Italy,Bologna,via Ugo Bassi,"44° 29' 42.72"" N","11° 20' 26.94"" E",https://www.google.com/maps/embed?pb=!1m0!4v1512941828787!6m8!1m7!1s7DIv6kAMeZl9RqFgErigbQ!2m2!1d44.49517485849591!2d11.34085597248333!3f325.7426286474003!4f-1.574320916276534!5f1.9587109090973311,44.4952,11.340817,Bar,#ffffff,#000000,ultra,uppercase,vertical,https://images.unsplash.com/photo-1723645579079-58a107f1d852?w=500&auto=format&fit=crop&q=60&ixlib=rb-4.0.3&ixid=M3wxMjA3fDB8MHx0b3BpYy1mZWVkfDQ1NXw2c01WalRMU2tlUXx8ZW58MHx8fHx8,britannic_138.jpg
139,britannic139,Italy,Olbia,,"40° 54' 41.25"" N","9° 29' 53.34"" E",,40.911458,9.49815,3° festival internazionale del mirto,#A020F0,green,medium,uppercase,vertical,https://images.unsplash.com/photo-1723531449515-af7c14403de3?w=500&auto=format&fit=crop&q=60&ixlib=rb-4.0.3&ixid=M3wxMjA3fDB8MHx0b3BpYy1mZWVkfDQ4MHw2c01WalRMU2tlUXx8ZW58MHx8fHx8,britannic_139.jpg
140,britannic140,Italy,Milano,via Paolo Sarpi,"45° 28' 53.532"" N","9° 10' 36.618"" E",https://www.google.com/maps/embed?pb=!1m0!4v1512942230375!6m8!1m7!1sH5Z5VEyF5HzDwCFmcdlWKQ!2m2!1d45.48145270183357!2d9.17684080208329!3f181.53056327487465!4f-1.8244739494857924!5f1.9587109090973311,45.481537,9.176838,Pittura di Sale,#ffffff,#1d3d86,ultra,smallcaps,horizontal,https://images.unsplash.com/photo-1723328237480-03a9bfcf1638?w=500&auto=format&fit=crop&q=60&ixlib=rb-4.0.3&ixid=M3wxMjA3fDB8MHx0b3BpYy1mZWVkfDQ4Mnw2c01WalRMU2tlUXx8ZW58MHx8fHx8,britannic_140.jpg
141,britannic141,Italy,Vimodrone,via Padana Superiore,"45° 30' 49.452"" N","9° 17' 38.838"" E",,45.513737,9.294122,Si prega di non appoggiarsi,#000000,#ffffff,ultra,uppercase,horizontal,https://images.unsplash.com/photo-1457542553555-6331c3c0855f?w=500&auto=format&fit=crop&q=60&ixlib=rb-4.0.3&ixid=M3wxMjA3fDB8MHx0b3BpYy1mZWVkfDQ5M3w2c01WalRMU2tlUXx8ZW58MHx8fHx8,britannic_141.jpg
142,britannic142,Italy,Milano,piazza Luigi di Savoia,"45° 29' 6.84"" N","9° 12' 20.682"" E",,45.485233,9.205745,Luggage Storage,#000000,#FFDE21,ultra,smallcaps,horizontal,https://images.unsplash.com/photo-1721297013582-8735f45b6a8b?w=500&auto=format&fit=crop&q=60&ixlib=rb-4.0.3&ixid=M3wxMjA3fDB8MHx0b3BpYy1mZWVkfDUxMHw2c01WalRMU2tlUXx8ZW58MHx8fHx8,britannic_142.jpg
143,britannic143,Italy,Faenza,via Beccarini,"44° 17' 24.618"" N","11° 52' 52.032"" E",https://www.google.com/maps/embed?pb=!1m0!4v1512942803400!6m8!1m7!1sWK2DqAPAev7Ye003wmrV_A!2m2!1d44.29029784966043!2d11.88101301917243!3f105.66111508243009!4f-3.2051092954426252!5f2.299968626952992,44.290172,11.88112,Sagra della rana e della polenta,green,#FFDE21,medium,uppercase,vertical,https://images.unsplash.com/photo-1723184935115-79e5d4e3791d?w=500&auto=format&fit=crop&q=60&ixlib=rb-4.0.3&ixid=M3wxMjA3fDB8MHx0b3BpYy1mZWVkfDUzOHw2c01WalRMU2tlUXx8ZW58MHx8fHx8,britannic_143.jpg
144,britannic144,Italy,Recco,via Assereto,"44° 21' 39.888"" N","9° 8' 39.258"" E",https://www.google.com/maps/embed?pb=!1m0!4v1512942969070!6m8!1m7!1s1x4whIAVDvNFJu0c035JmQ!2m2!1d44.36122888968288!2d9.14418568318223!3f189.79293981137786!4f3.9957983998823607!5f1.6721739570461662,44.36108,9.144238,MeMeTa,#ffffff,#0053b3,ultra,smallcaps,horizontal,https://images.unsplash.com/photo-1723011032825-4980449e6ed2?w=500&auto=format&fit=crop&q=60&ixlib=rb-4.0.3&ixid=M3wxMjA3fDB8MHx0b3BpYy1mZWVkfDU2Nnw2c01WalRMU2tlUXx8ZW58MHx8fHx8,britannic_144.jpg
145,britannic145,France,Marseille,Cours Julien,"43° 17' 35.178"" N","5° 22' 59.58"" E",https://www.google.com/maps/embed?pb=!4v1515404414230!6m8!1m7!1sOMWyga8Q_Clct0-twDDY9w!2m2!1d43.29323678788567!2d5.383113223169801!3f206.35144358844974!4f1.9950492450093975!5f0.7820865974627469,43.293113,5.383215,Optique factory,#ffffff,#4d3f3e,ultra,uppercase,horizontal,https://images.unsplash.com/photo-1690973691921-2f472ec2841a?w=500&auto=format&fit=crop&q=60&ixlib=rb-4.0.3&ixid=M3wxMjA3fDB8MHx0b3BpYy1mZWVkfDYwN3w2c01WalRMU2tlUXx8ZW58MHx8fHx8,britannic_145.jpg
146,britannic146,France,Marseille,Place Notre Dame du Mont,"43° 17' 30.648"" N","5° 23' 3.36"" E",,43.291847,5.384267,Maison du burger,#ed001e,#ffffff,ultra,uppercase,horizontal,https://images.unsplash.com/photo-1726059968922-0396248fdaea?q=80&w=1740&auto=format&fit=crop&ixlib=rb-4.0.3&ixid=M3wxMjA3fDB8MHxwaG90by1wYWdlfHx8fGVufDB8fHx8fA%3D%3D,britannic_146.jpg
147,britannic147,France,Aubagne,Chemin du Merlancon,"43° 17' 4.092"" N","5° 34' 52.908"" E",https://www.google.com/maps/embed?pb=!4v1515404889921!6m8!1m7!1sdtoCSH5vWkzCpHUQ30pUWA!2m2!1d43.28458690967668!2d5.581233028607366!3f146.5858590190952!4f-0.695554166777157!5f1.9587109090973311,43.28447,5.581363,Boulangerie Sandwicherie Tarterie,#ffffff,#000000,bold,uppercase,horizontal,https://images.unsplash.com/photo-1725652800358-ae3a752cfb68?w=500&auto=format&fit=crop&q=60&ixlib=rb-4.0.3&ixid=M3wxMjA3fDB8MHxmZWF0dXJlZC1waG90b3MtZmVlZHwxMnx8fGVufDB8fHx8fA%3D%3D,britannic_147.jpg
148,britannic148,Italy,Milano,via Morazzone,"45° 28' 47.598"" N","9° 10' 22.83"" E",,45.479896,9.172988,Pé de Moleque Crocante - Paçoca Rolha,#4f3034,#fff355,bold,smallcaps,w other,https://plus.unsplash.com/premium_photo-1725588379392-7a56d6eff9ab?w=500&auto=format&fit=crop&q=60&ixlib=rb-4.0.3&ixid=M3wxMjA3fDB8MHxmZWF0dXJlZC1waG90b3MtZmVlZHwxOXx8fGVufDB8fHx8fA%3D%3D,britannic_148.jpg
149,britannic149,Italy,Milano,via Madonnina,"45° 28' 14.742"" N","9° 11' 5.64"" E",https://www.google.com/maps/embed?pb=!4v1515408014266!6m8!1m7!1s9ep7D3mA99mdusmw61i3hg!2m2!1d45.47069097356458!2d9.184973702167639!3f91.6788045144077!4f-0.7944295134219459!5f0.7095806800663842,45.470762,9.1849,Dettagli naturali,#ffffff,#000000,bold,uppercase,w other,https://images.unsplash.com/photo-1720802616209-c174c23f6565?w=500&auto=format&fit=crop&q=60&ixlib=rb-4.0.3&ixid=M3wxMjA3fDB8MHxmZWF0dXJlZC1waG90b3MtZmVlZHwzMHx8fGVufDB8fHx8fA%3D%3D,britannic_149.jpg
150,britannic150,Italy,Orio al Serio,Orio al Serio airport,"45° 39' 54,39"" N","9° 41' 58,692"" E",,45.665108,9.699637,Nocciola Cioccolato Fragola Bacio,#000000,#ffffff,bold,smallcaps,horizontal,https://images.unsplash.com/photo-1726041453467-5fa7dce0251d?w=500&auto=format&fit=crop&q=60&ixlib=rb-4.0.3&ixid=M3wxMjA3fDB8MHxmZWF0dXJlZC1waG90b3MtZmVlZHw1Mnx8fGVufDB8fHx8fA%3D%3D,britannic_150.jpg
151,britannic151,Turkey,Istanbul,Istanbul Sabiha Gokcen International Airport,,,,40.907767,29.31564,Pin-ups,#000000,#ffffff,bold,uppercase,vertical,https://images.unsplash.com/photo-1726056652663-8f1e42b2fc95?w=500&auto=format&fit=crop&q=60&ixlib=rb-4.0.3&ixid=M3wxMjA3fDB8MHxmZWF0dXJlZC1waG90b3MtZmVlZHw1OHx8fGVufDB8fHx8fA%3D%3D,britannic_151.jpg
152,britannic152,Turkey,Milas,Kemikler Mahallesi,"37° 12' 20.148"" N","27° 38' 42.45"" E",https://www.google.com/maps/embed?pb=!4v1535290803895!6m8!1m7!1snmmB9TxyVYA_J2YSIZBMnw!2m2!1d37.20561923593245!2d27.64496001056049!3f102.32990736892994!4f4.158993463650759!5f0.7820865974627469,37.205597,27.645125,• Pide - Lahmacun • Gözleme • Köy Kahvaltesi • Izgara et - Kavurma • Yayik ayran • Meşrubat - çay,#FF0000,#ffffff,bold,uppercase,horizontal,https://images.unsplash.com/photo-1674407729043-c21b71fded37?w=500&auto=format&fit=crop&q=60&ixlib=rb-4.0.3&ixid=M3wxMjA3fDB8MHx0b3BpYy1mZWVkfDYwfDZzTVZqVExTa2VRfHxlbnwwfHx8fHw%3D,britannic_152.jpg
153,britannic153,Turkey,Akyaka,Akyaka Mahallesi,"37° 3' 6.14"" N","28° 19' 42.138"" E",,37.051706,28.328372,Cafe De Keyf,#ffffff,#FF0000,bold,smallcaps,horizontal,https://images.unsplash.com/photo-1725489891089-5960671a3433?w=500&auto=format&fit=crop&q=60&ixlib=rb-4.0.3&ixid=M3wxMjA3fDB8MHx0b3BpYy1mZWVkfDk4fDZzTVZqVExTa2VRfHxlbnwwfHx8fHw%3D,britannic_153.jpg
154,britannic154,Turkey,Akyaka,Nergiz sokak,"37° 3' 6.49"" N","28° 19' 30.06"" E",,37.051803,28.325017,Karikatür çizilir,#000000,#ffffff,bold,smallcaps,horizontal,https://images.unsplash.com/photo-1725476479171-4728f92dfa9c?w=500&auto=format&fit=crop&q=60&ixlib=rb-4.0.3&ixid=M3wxMjA3fDB8MHx0b3BpYy1mZWVkfDEwNHw2c01WalRMU2tlUXx8ZW58MHx8fHx8,britannic_154.jpg
155,britannic155,Turkey,Istanbul,Mecidiyeköy Yolu Caddesi,"41° 4' 1.6"" N","28° 59' 33.672"" E",https://www.google.com/maps/embed?pb=!4v1535291235471!6m8!1m7!1siSHmOJcJx6qj4yJQTJmphQ!2m2!1d41.06708892977782!2d28.99283344484912!3f355.977608074138!4f-3.194469726269645!5f2.96977417878504,41.067111,28.992687,Istan,#000000,#ffffff,bold,uppercase,horizontal,https://images.unsplash.com/photo-1682686580036-b5e25932ce9a?w=500&auto=format&fit=crop&q=60&ixlib=rb-4.0.3&ixid=M3wxMjA3fDB8MHx0b3BpYy1mZWVkfDEzNnw2c01WalRMU2tlUXx8ZW58MHx8fHx8,britannic_155.jpg
156,britannic156,Austria,Aggsbach Markt,Aggsbach Markt,"48° 17' 41.322"" N","15° 24' 17.052"" E",,48.294812,15.404737,aggsbach markt gemeindeamt ,#000000,acbc98,bold,uppercase,w other,https://images.unsplash.com/photo-1725294692057-12a381e1f6fd?w=500&auto=format&fit=crop&q=60&ixlib=rb-4.0.3&ixid=M3wxMjA3fDB8MHx0b3BpYy1mZWVkfDE0OXw2c01WalRMU2tlUXx8ZW58MHx8fHx8,britannic_156.jpg
157,britannic157,Italy,Milan,Via San Giovanni sul Muro,"45° 28' 1.38"" N","9° 10' 53.232"" E",https://www.google.com/maps/embed?pb=!4v1535291936016!6m8!1m7!1sGDfRQz0YXJzp_oxngRi8Cw!2m2!1d45.46699157844326!2d9.181492207988319!3f250.3639958934852!4f-6.47408041036374!5f3.325193203789971,45.46705,9.181453,nuovissimo,#ffffff,#FF0000,condensed,uppercase,vertical,https://images.unsplash.com/photo-1723941839547-1e3e7d168173?w=500&auto=format&fit=crop&q=60&ixlib=rb-4.0.3&ixid=M3wxMjA3fDB8MHx0b3BpYy1mZWVkfDE2OXw2c01WalRMU2tlUXx8ZW58MHx8fHx8,britannic_157.jpg
158,britannic158,Italy,Milan,via Bramante,"45° 28' 42.438"" N","9° 10' 49.608"" E",https://www.google.com/maps/embed?pb=!4v1535292112811!6m8!1m7!1smiVtG9Jl-2N3kIbYavgI9Q!2m2!1d45.47848950136175!2d9.180267766198318!3f221.96317184255906!4f-4.879711091934922!5f0.7820865974627469,45.478455,9.180447,,#34407c,#ffffff,bold,uppercase,horizontal,https://images.unsplash.com/photo-1496706855297-b6e1fe527339?w=500&auto=format&fit=crop&q=60&ixlib=rb-4.0.3&ixid=M3wxMjA3fDB8MHx0b3BpYy1mZWVkfDIzOHw2c01WalRMU2tlUXx8ZW58MHx8fHx8,britannic_158.jpg
159,britannic159,Italy,Milan,via Eustachi,"45° 28' 26.328"" N","9° 12' 53.61"" E",https://www.google.com/maps/embed?pb=!4v1535292347541!6m8!1m7!1s2eClEf8COQKoWPPY37wcnw!2m2!1d45.47394175355549!2d9.21472783040105!3f95.21897136575924!4f-1.9166525766165137!5f2.036397312430675,45.47398,9.214892,martedì e giovedì tutte le pizze € 4,,,regular,smallcaps,vertical,https://images.unsplash.com/photo-1724508772090-020b21b14da6?w=500&auto=format&fit=crop&q=60&ixlib=rb-4.0.3&ixid=M3wxMjA3fDB8MHx0b3BpYy1mZWVkfDI3MXw2c01WalRMU2tlUXx8ZW58MHx8fHx8,britannic_159.jpg
160,britannic160,Italy,Rome,via di Porta Cavaggeri,"41° 54' 1.098"" N","12° 27' 16.218"" E",https://www.google.com/maps/embed?pb=!4v1535292454336!6m8!1m7!1s1NnkYmJscbTcZlNfh3ub7A!2m2!1d41.90015321648985!2d12.4545871214519!3f329.3790813688393!4f-9.306186896827796!5f3.0121218572024993,41.900305,12.454505,3234751,#000000,#ffffff,regular,uppercase,vertical,https://images.unsplash.com/photo-1724597233378-249fd99848b0?w=500&auto=format&fit=crop&q=60&ixlib=rb-4.0.3&ixid=M3wxMjA3fDB8MHx0b3BpYy1mZWVkfDMzM3w2c01WalRMU2tlUXx8ZW58MHx8fHx8,britannic_160.jpg
161,britannic161,Italy,Milan,corso di Porta Ticinese,"45° 27' 34.272"" N"," 9° 10' 52.362"" E",https://www.google.com/maps/embed?pb=!4v1535292623114!6m8!1m7!1s1_p58ljFeLWSRqmKfHuCzw!2m2!1d45.45952326080248!2d9.18123889085342!3f67.53133985031556!4f-1.103881087707805!5f2.0730981365680257,45.45952,9.181212,Tasso!! Zero!!,#ffffff,#7a9eaa,bold,uppercase,horizontal,https://images.unsplash.com/photo-1723920449193-cba2f39a4d0c?w=500&auto=format&fit=crop&q=60&ixlib=rb-4.0.3&ixid=M3wxMjA3fDB8MHx0b3BpYy1mZWVkfDM1NXw2c01WalRMU2tlUXx8ZW58MHx8fHx8,britannic_161.jpg
162,britannic162,India,Chandigar,Chandigar Station,"30° 42' 6.96"" N","76° 49' 18.45"" E",,30.701933,76.821792,Water vending machine,#ffffff,#0000FF,bold,uppercase,horizontal,https://images.unsplash.com/photo-1660678519362-2099db408451?w=500&auto=format&fit=crop&q=60&ixlib=rb-4.0.3&ixid=M3wxMjA3fDB8MHx0b3BpYy1mZWVkfDM5OXw2c01WalRMU2tlUXx8ZW58MHx8fHx8,britannic_162.jpg
163,britannic163,India,New Dehli,New Dehli Station,"28° 38' 30.72"" N","77° 13' 12.66"" E",,28.641861,77.220194,display your brand,#ffffff,#FF0000,ultra,smallcaps,horizontal,https://images.unsplash.com/photo-1722846324724-2cb3f396358c?w=500&auto=format&fit=crop&q=60&ixlib=rb-4.0.3&ixid=M3wxMjA3fDB8MHx0b3BpYy1mZWVkfDQwOXw2c01WalRMU2tlUXx8ZW58MHx8fHx8,britannic_163.jpg
164,britannic164,Sri Lanka,Colombo,Janadhipathi Mawatha,"6° 56' 9.912"" N","79° 50' 36.21"" E",https://www.google.com/maps/embed?pb=!4v1549473374291!6m8!1m7!1s7LL_B16rD1ghG6ksD6HqOw!2m2!1d6.936046600339962!2d79.843255886147!3f144.6265051388392!4f-7.625725827342592!5f2.106626710501169,6.936087,79.843392,Stick no bills,#ffffff,#FF0000,bold,uppercase,vertical,https://images.unsplash.com/photo-1723845629153-7e0d0a5e44c3?w=500&auto=format&fit=crop&q=60&ixlib=rb-4.0.3&ixid=M3wxMjA3fDB8MHx0b3BpYy1mZWVkfDQyNXw2c01WalRMU2tlUXx8ZW58MHx8fHx8,britannic_164.jpg
165,britannic165,Sri Lanka,Kandy,Balagolla,"7° 17' 0.522"" N","80° 43' 9.258"" E",https://www.google.com/maps/embed?pb=!4v1549473658358!6m8!1m7!1slWjAEVtb-yo6926-Yto_Lw!2m2!1d7.283401641085291!2d80.71926725577043!3f241.99402440710514!4f-6.770405433098247!5f0.4000000000000002,7.283478,80.719238,U:K:G L:K:G Play group Digana,#c8c854,#41436d,bold,uppercase,horizontal,https://images.unsplash.com/photo-1723712286025-1eb6a851420a?w=500&auto=format&fit=crop&q=60&ixlib=rb-4.0.3&ixid=M3wxMjA3fDB8MHx0b3BpYy1mZWVkfDQzOHw2c01WalRMU2tlUXx8ZW58MHx8fHx8,britannic_165.jpg
166,britannic166,Italy,Genova,Piazza Manin,"44° 24' 50.472"" N","8° 56' 49.23"" E","https://www.google.it/maps/@44.4140557,8.9476982,3a,60y,347.53h,90.61t/data=!3m6!1e1!3m4!1skxSjazj6vFj-zm1MMisK_A!2e0!7i13312!8i6656",44.41402,8.947008,Autolavaggio Manin,,,,,,https://images.unsplash.com/photo-1723576016880-6d388559351a?w=500&auto=format&fit=crop&q=60&ixlib=rb-4.0.3&ixid=M3wxMjA3fDB8MHx0b3BpYy1mZWVkfDQ0MHw2c01WalRMU2tlUXx8ZW58MHx8fHx8,britannic_166.jpg
167,britannic167,Italy,Como,Piazza Giovanni Amendola,"45° 48' 55.302"" N","9° 5' 4.44"" E","https://www.google.it/maps/place/45%C2%B048'55.3%22N+9%C2%B005'04.4%22E/@45.8154377,9.084492,3a,90y,293.98h,88.64t/data=!3m6!1e1!3m4!1sRE4v2f-NSJaVyPYBwrnZxQ!2e0!7i16384!8i8192!4m5!3m4!1s0x0:0x0!8m2!3d45.8153617!4d9.0845667",45.815362,9.084567,Lavanderia Sant'Agostino stireria,,,,,,https://images.unsplash.com/photo-1723645579079-58a107f1d852?w=500&auto=format&fit=crop&q=60&ixlib=rb-4.0.3&ixid=M3wxMjA3fDB8MHx0b3BpYy1mZWVkfDQ1NXw2c01WalRMU2tlUXx8ZW58MHx8fHx8,britannic_167.jpg
168,britannic168,Italy,Noceto,via Emilia,"44° 50' 22.92"" N","10° 9' 13.81"" E","https://www.google.it/maps/@44.8400375,10.1537306,3a,42.5y,179.18h,93.26t/data=!3m6!1e1!3m4!1sC02oL8lh1RFCPzCPEWaQ1Q!2e0!7i13312!8i6656",44.8397,10.153836,Cassa - Iper carburanti,,,,,,https://images.unsplash.com/photo-1723531449515-af7c14403de3?w=500&auto=format&fit=crop&q=60&ixlib=rb-4.0.3&ixid=M3wxMjA3fDB8MHx0b3BpYy1mZWVkfDQ4MHw2c01WalRMU2tlUXx8ZW58MHx8fHx8,britannic_168.jpg
169,britannic169,Sri Lanka,Mahiyangana Rd,Mahiyanganaya,"7° 19' 51.63"" N","80° 59' 34.242"" E","https://www.google.it/maps/@7.3310019,80.9929029,3a,37.5y,151.62h,82.32t/data=!3m6!1e1!3m4!1sLUroTIF2pEQMZ9ysfZ_2iQ!2e0!7i13312!8i6656",7.331008,80.992845,Model IFA60S,,,,,,https://images.unsplash.com/photo-1723328237480-03a9bfcf1638?w=500&auto=format&fit=crop&q=60&ixlib=rb-4.0.3&ixid=M3wxMjA3fDB8MHx0b3BpYy1mZWVkfDQ4Mnw2c01WalRMU2tlUXx8ZW58MHx8fHx8,britannic_169.jpg
170,britannic170,Italy,Milano,via Torino,"45° 27' 38.352"" N","9° 10' 57.018"" E","https://www.google.com/maps/place/45%C2%B027'38.4%22N+9%C2%B010'57.0%22E/@45.4606937,9.1826361,3a,75y,337.33h,93.09t/data=!3m6!1e1!3m4!1sDUcwbt8NEPFowkkjR6NdIw!2e0!7i16384!8i8192!4m5!3m4!1s0x0:0x0!8m2!3d45.4606533!4d9.182505",45.460653,9.182505,Svendita totale,,,,,,https://images.unsplash.com/photo-1457542553555-6331c3c0855f?w=500&auto=format&fit=crop&q=60&ixlib=rb-4.0.3&ixid=M3wxMjA3fDB8MHx0b3BpYy1mZWVkfDQ5M3w2c01WalRMU2tlUXx8ZW58MHx8fHx8,britannic_170.jpg